customer_id,customer_name,city,age,gender,signup_date
1,Shamik Mahal,Bangalore,29,Female,2025-04-20
2,Ryan Sarin,Hyderabad,53,Male,2024-07-25
3,Aayush Varughese,Delhi,21,Female,2025-07-26
4,Raunak Ravel,Hyderabad,22,Male,2024-12-26
5,Anika Raja,Hyderabad,54,Male,2026-01-13
6,Zoya Krishnan,Mumbai,25,Female,2024-09-23
7,Ishaan Grewal,Delhi,59,Female,2025-11-20
8,Prisha Tandon,Delhi,45,Female,2025-10-12
9,Vivaan Yogi,Delhi,48,Male,2026-04-25
10,Darshit Vaidya,Hyderabad,26,Female,2024-10-22
11,Anvi Toor,Bangalore,46,Female,2024-07-08
12,Neelofar Mane,Delhi,31,Male,2025-07-14
13,Fateh Srinivas,Hyderabad,57,Female,2025-10-27
14,Zain Sidhu,Mumbai,58,Male,2025-04-18
15,Zeeshan Goel,Bangalore,39,Female,2025-09-04
16,Rasha Manne,Mumbai,28,Male,2024-11-29
17,Ivan Handa,Bangalore,40,Female,2025-09-24
18,Zaina Date,Hyderabad,18,Female,2024-10-02
19,Chirag Dey,Kolkata,54,Male,2025-12-24
20,Aarush Anne,Bangalore,38,Male,2025-06-18
21,Chirag Dada,Mumbai,43,Female,2025-11-22
22,Mehul Ramaswamy,Hyderabad,53,Male,2024-11-25
23,Taimur Zacharia,Bangalore,40,Male,2026-05-13
24,Samiha Lad,Kolkata,18,Male,2024-10-25
25,Baiju Kamdar,Kolkata,57,Male,2024-07-16
26,Shamik Baral,Delhi,32,Female,2024-12-01
27,Hrishita Borra,Delhi,38,Female,2026-05-02
28,Anay Raj,Mumbai,26,Male,2025-03-14
29,Nishith Soman,Bangalore,26,Male,2025-01-31
30,Dhanuk Barad,Bangalore,27,Male,2024-12-18
31,Divyansh Ganesh,Delhi,43,Male,2025-05-04
32,Anika Bansal,Bangalore,58,Female,2026-03-20
33,Samarth Borde,Bangalore,52,Female,2026-03-19
34,Shray Borra,Kolkata,42,Male,2025-05-09
35,Alisha Dara,Delhi,43,Male,2025-12-13
36,Akarsh Mann,Hyderabad,28,Male,2025-01-22
37,Indrajit Sangha,Delhi,55,Female,2025-01-02
38,Trisha Karan,Hyderabad,19,Male,2025-10-21
39,Lakshay Salvi,Kolkata,24,Female,2024-05-27
40,Prisha Behl,Mumbai,35,Male,2025-05-18
41,Sumer Bhatia,Bangalore,44,Female,2025-03-02
42,Devansh Loyal,Kolkata,51,Male,2024-05-17
43,Zeeshan Verma,Bangalore,44,Female,2025-04-18
44,Purab Basak,Mumbai,34,Male,2025-10-24
45,Amira Swaminathan,Mumbai,41,Male,2025-10-12
46,Rhea Bobal,Kolkata,42,Male,2025-03-15
47,Dhanush De,Mumbai,24,Female,2026-03-08
48,Sara Chawla,Hyderabad,23,Male,2026-01-12
49,Ishita Sampath,Mumbai,41,Female,2025-06-27
50,Riya Chakraborty,Bangalore,50,Female,2026-01-29
51,Sana Rege,Bangalore,46,Male,2024-09-27
52,Abram Bandi,Bangalore,39,Male,2024-06-20
53,Ela Brahmbhatt,Bangalore,43,Male,2025-06-27
54,Anay Venkatesh,Hyderabad,45,Female,2026-03-16
55,Baiju Dube,Delhi,38,Male,2025-06-13
56,Kiaan Butala,Kolkata,24,Female,2025-09-18
57,Jayant Kalla,Bangalore,34,Female,2025-03-21
58,Kaira Mani,Mumbai,37,Male,2025-04-22
59,Rohan Sule,Bangalore,58,Male,2025-07-18
60,Ranbir Guha,Mumbai,37,Male,2025-05-29
61,Mishti Varma,Mumbai,39,Male,2026-03-16
62,Devansh Chakraborty,Bangalore,45,Male,2025-05-01
63,Divij Deol,Hyderabad,57,Male,2025-07-28
64,Drishya Bajaj,Mumbai,24,Female,2024-07-31
65,Sumer Chauhan,Mumbai,18,Female,2024-08-11
66,Dhruv Ghosh,Bangalore,49,Female,2024-11-16
67,Darshit Dixit,Mumbai,30,Male,2025-06-04
68,Kimaya Vala,Mumbai,47,Female,2025-01-24
69,Tanya Sundaram,Bangalore,40,Female,2026-01-03
70,Anahi Bala,Bangalore,36,Female,2025-04-21
71,Ritvik Batra,Kolkata,49,Female,2024-10-02
72,Khushi Bains,Hyderabad,47,Female,2024-10-12
73,Aniruddh Yogi,Hyderabad,46,Male,2025-08-23
74,Kimaya Sekhon,Mumbai,46,Male,2024-12-31
75,Sahil Goel,Hyderabad,47,Female,2024-05-30
76,Saanvi Dugar,Mumbai,33,Female,2026-02-28
77,Divyansh Mallick,Kolkata,57,Female,2026-03-15
78,Rohan Reddy,Bangalore,36,Male,2025-04-16
79,Kashvi Rama,Bangalore,35,Male,2025-12-23
80,Mannat Shukla,Bangalore,18,Female,2025-07-12
81,Charvi Sengupta,Hyderabad,31,Male,2025-09-08
82,Kashvi Dada,Kolkata,19,Male,2024-09-04
83,Taimur Reddy,Hyderabad,45,Female,2025-01-16
84,Mahika Subramanian,Hyderabad,47,Male,2024-11-25
85,Siya Kohli,Kolkata,55,Male,2024-09-12
86,Navya Mammen,Kolkata,21,Female,2025-01-21
87,Biju Dugar,Kolkata,18,Male,2026-04-15
88,Raunak Roy,Kolkata,25,Male,2025-09-28
89,Drishya Sachar,Bangalore,46,Female,2025-12-20
90,Prerak Rau,Delhi,56,Male,2025-11-21
91,Dharmajan Balasubramanian,Delhi,20,Male,2025-06-26
92,Ishita Keer,Kolkata,49,Female,2025-10-18
93,Prerak Chandra,Delhi,27,Female,2026-01-19
94,Amani Saini,Delhi,27,Female,2025-03-26
95,Abram Varkey,Kolkata,36,Male,2025-08-31
96,Dhanuk Rajan,Delhi,51,Female,2025-10-28
97,Kiaan Kurian,Hyderabad,50,Male,2025-02-23
98,Gokul Balay,Mumbai,40,Female,2025-08-05
99,Miraya Garg,Mumbai,45,Male,2024-09-29
100,Madhup Sawhney,Kolkata,49,Female,2025-07-07
101,Myra Dua,Bangalore,24,Female,2026-03-15
102,Mishti Bhasin,Kolkata,46,Female,2026-01-03
103,Umang Bala,Bangalore,25,Female,2025-02-04
104,Kartik Sant,Mumbai,18,Male,2025-07-23
105,Kashvi Bhakta,Kolkata,20,Female,2025-04-13
106,Saksham Sarin,Hyderabad,41,Female,2025-06-02
107,Veer Khalsa,Delhi,40,Male,2024-07-19
108,Jiya Bail,Bangalore,25,Female,2025-02-12
109,Seher Manne,Delhi,54,Male,2025-10-19
110,Saira Dutt,Delhi,20,Female,2026-01-21
111,Vivaan Hari,Kolkata,50,Female,2024-06-26
112,Anay Bhavsar,Delhi,45,Female,2025-02-06
113,Indranil Sankaran,Hyderabad,25,Male,2026-05-04
114,Anika Kari,Delhi,51,Female,2025-05-26
115,Vidur Kumer,Kolkata,52,Female,2025-07-07
116,Faiyaz Barman,Hyderabad,49,Female,2026-05-14
117,Siya Dugal,Mumbai,41,Male,2026-02-04
118,Anvi Gaba,Delhi,31,Male,2024-07-11
119,Amani Varma,Kolkata,49,Female,2025-09-13
120,Prerak Bir,Mumbai,33,Male,2024-10-25
121,Devansh Kala,Mumbai,21,Female,2025-02-27
122,Bhamini Sibal,Bangalore,54,Female,2025-09-11
123,Ira Karan,Hyderabad,38,Female,2025-07-07
124,Hazel Ram,Delhi,31,Female,2025-07-04
125,Himmat Dutta,Kolkata,48,Female,2024-05-31
126,Tanya Choudhary,Bangalore,35,Female,2025-10-28
127,Parinaaz Garde,Hyderabad,24,Female,2024-12-14
128,Riya Sathe,Bangalore,27,Male,2024-07-20
129,Emir Bajwa,Hyderabad,24,Male,2025-12-18
130,Vihaan Bhavsar,Hyderabad,50,Male,2024-07-22
131,Oorja Yogi,Delhi,40,Male,2026-01-11
132,Vivaan Choudhry,Hyderabad,38,Male,2026-04-06
133,Romil Jani,Bangalore,36,Male,2025-07-06
134,Nayantara Hayer,Hyderabad,36,Male,2024-06-13
135,Anahi Bhargava,Delhi,53,Female,2025-03-26
136,Dharmajan Bains,Delhi,46,Female,2025-05-15
137,Arhaan Mani,Bangalore,35,Female,2025-09-01
138,Arhaan Gara,Mumbai,19,Female,2026-01-27
139,Tarini Jhaveri,Mumbai,18,Male,2026-01-13
140,Vardaniya Dhar,Hyderabad,22,Male,2025-09-29
141,Tejas Kumer,Kolkata,37,Female,2024-05-18
142,Vaibhav Sarraf,Hyderabad,28,Female,2025-05-02
143,Drishya Saxena,Bangalore,59,Male,2025-11-23
144,Adah Choudhary,Bangalore,19,Female,2025-03-12
145,Lakshit Salvi,Bangalore,20,Female,2024-12-07
146,Aniruddh Grover,Bangalore,40,Female,2025-05-19
147,Khushi Seshadri,Bangalore,29,Female,2025-02-05
148,Aradhya Sharaf,Delhi,37,Male,2025-05-14
149,Aradhya Gandhi,Mumbai,22,Female,2025-03-29
150,Ahana  Srinivasan,Bangalore,54,Female,2025-08-08
151,Jiya Dora,Kolkata,55,Male,2025-05-19
152,Piya Sami,Kolkata,47,Male,2024-06-05
153,Samarth Basu,Kolkata,26,Female,2025-06-17
154,Khushi Chaudhry,Kolkata,51,Male,2024-11-23
155,Diya Chander,Delhi,52,Female,2024-09-03
156,Vaibhav Deshmukh,Kolkata,39,Female,2024-12-12
157,Misha Bava,Bangalore,41,Male,2024-07-17
158,Ishita Sharma,Hyderabad,34,Female,2025-03-18
159,Damini Vyas,Kolkata,27,Female,2024-05-25
160,Rati Iyer,Delhi,47,Female,2026-04-19
161,Vritika Goswami,Delhi,40,Female,2025-09-27
162,Ivana Kunda,Kolkata,49,Male,2024-06-28
163,Jivika Chaudhry,Hyderabad,34,Male,2025-01-29
164,Jivika Choudhury,Kolkata,34,Female,2025-01-20
165,Adah Shah,Delhi,31,Male,2026-05-12
166,Elakshi Koshy,Mumbai,26,Female,2025-05-03
167,Purab Chaudhry,Bangalore,57,Female,2025-06-13
168,Yuvraj  Dewan,Delhi,19,Female,2025-08-03
169,Riya Banik,Kolkata,42,Female,2025-04-02
170,Tara Devan,Bangalore,56,Female,2025-06-27
171,Ira Dewan,Kolkata,26,Male,2024-07-26
172,Ryan Amble,Kolkata,39,Female,2026-04-21
173,Tanya Yohannan,Mumbai,21,Male,2024-12-09
174,Anahi Sharma,Bangalore,43,Male,2024-10-10
175,Hazel Bobal,Bangalore,46,Female,2025-12-23
176,Anika Khatri,Mumbai,51,Female,2026-03-17
177,Shaan Sodhi,Delhi,40,Female,2025-09-26
178,Raunak Rout,Kolkata,54,Female,2026-01-06
179,Kartik Kade,Hyderabad,28,Female,2025-02-09
180,Krish Bhagat,Kolkata,23,Male,2024-09-16
181,Hunar Choudhary,Kolkata,35,Female,2025-02-11
182,Chirag Sengupta,Delhi,38,Female,2025-06-23
183,Anvi D’Alia,Kolkata,59,Male,2025-10-01
184,Krish Sen,Mumbai,53,Male,2025-11-05
185,Aaina Doshi,Mumbai,58,Female,2026-01-08
186,Neelofar Mammen,Bangalore,55,Male,2025-04-16
187,Stuvan Chada,Hyderabad,51,Female,2025-01-13
188,Yashvi Sarin,Kolkata,34,Male,2026-03-08
189,Adira Ray,Kolkata,54,Male,2024-10-06
190,Pranay Dani,Delhi,42,Female,2025-09-22
191,Damini Sen,Mumbai,55,Male,2024-07-16
192,Adah Sarin,Hyderabad,29,Male,2025-02-02
193,Ahana  Cheema,Bangalore,40,Male,2025-03-26
194,Veer Sibal,Mumbai,59,Male,2026-01-26
195,Jiya Apte,Bangalore,39,Male,2024-08-25
196,Bhavin Chander,Delhi,38,Male,2025-12-23
197,Hrishita Dyal,Delhi,44,Female,2025-11-06
198,Hunar Grewal,Kolkata,48,Female,2025-01-20
199,Shaan Badami,Hyderabad,23,Male,2024-12-11
200,Emir Manda,Bangalore,44,Female,2025-02-18
201,Anahi Chahal,Mumbai,57,Female,2025-09-02
202,Charvi Varma,Delhi,51,Female,2025-02-09
203,Ahana  Gala,Kolkata,29,Male,2024-09-23
204,Priyansh Barad,Kolkata,24,Female,2026-03-13
205,Fateh Chakrabarti,Bangalore,27,Male,2026-01-09
206,Adah Guha,Delhi,34,Female,2025-01-26
207,Ritvik Bhavsar,Hyderabad,43,Male,2024-11-09
208,Hazel Hora,Delhi,38,Male,2025-03-02
209,Nitara Bera,Bangalore,45,Female,2025-06-28
210,Stuvan Sachar,Bangalore,19,Female,2025-07-16
211,Nishith Ganguly,Delhi,18,Male,2024-12-22
212,Jiya Bhakta,Bangalore,53,Female,2024-09-08
213,Anaya Thaker,Delhi,43,Female,2026-04-14
214,Shaan Hans,Mumbai,46,Female,2025-12-27
215,Zoya Jayaraman,Delhi,38,Male,2026-03-24
216,Mishti Wadhwa,Delhi,28,Male,2024-12-16
217,Biju Wali,Bangalore,57,Female,2025-02-04
218,Parinaaz Sibal,Bangalore,28,Female,2024-07-03
219,Manjari Ramesh,Kolkata,53,Female,2025-06-17
220,Bhavin Ravi,Kolkata,56,Male,2025-02-28
221,Vritika Saini,Mumbai,57,Male,2025-04-18
222,Parinaaz Chatterjee,Kolkata,52,Female,2024-08-20
223,Madhav Mandal,Delhi,51,Female,2024-08-26
224,Priyansh Chandra,Bangalore,41,Female,2026-03-16
225,Saanvi Ahluwalia,Kolkata,39,Female,2024-06-17
226,Shamik Butala,Kolkata,22,Female,2025-04-10
227,Raunak Talwar,Mumbai,50,Female,2026-04-13
228,Sumer Sant,Mumbai,53,Male,2024-12-12
229,Ranbir Chakrabarti,Delhi,37,Female,2026-02-21
230,Armaan Maharaj,Bangalore,36,Male,2026-03-14
231,Darshit Andra,Mumbai,52,Female,2025-12-03
232,Stuvan Anne,Kolkata,34,Female,2025-02-13
233,Arhaan Chander,Bangalore,51,Male,2024-11-25
234,Khushi Hans,Bangalore,26,Male,2024-09-17
235,Mishti Rama,Kolkata,43,Male,2025-06-18
236,Anya Reddy,Mumbai,19,Male,2025-02-24
237,Piya Goda,Kolkata,26,Female,2025-11-25
238,Pihu Agate,Bangalore,26,Male,2025-07-18
239,Lagan Bobal,Hyderabad,57,Female,2025-11-27
240,Indrajit Lal,Hyderabad,34,Male,2024-05-18
241,Charvi Chandra,Delhi,18,Female,2025-10-06
242,Khushi Borde,Kolkata,42,Female,2025-04-08
243,Himmat Banerjee,Kolkata,57,Female,2024-05-21
244,Ela Chaudhry,Delhi,59,Female,2025-10-09
245,Tara Shanker,Delhi,42,Female,2025-02-21
246,Pranay Chaudhary,Delhi,56,Female,2025-04-04
247,Tara Shan,Bangalore,52,Male,2024-09-30
248,Kismat Chauhan,Kolkata,20,Female,2024-10-26
249,Eshani Dewan,Bangalore,54,Male,2026-05-14
250,Madhup Kala,Delhi,47,Male,2024-07-08
251,Dhruv Tripathi,Kolkata,55,Female,2025-12-29
252,Emir Raja,Bangalore,51,Male,2025-08-06
253,Charvi Sani,Bangalore,29,Female,2024-08-02
254,Ivan Deo,Delhi,36,Male,2025-10-17
255,Kavya Sha,Kolkata,54,Female,2025-08-10
256,Riya Sethi,Delhi,34,Male,2026-01-30
257,Samaira Kari,Kolkata,27,Female,2025-05-09
258,Adah Kamdar,Hyderabad,29,Female,2025-08-01
259,Amani Toor,Mumbai,33,Female,2024-12-14
260,Damini Raj,Mumbai,41,Female,2025-12-29
261,Kavya Kalita,Mumbai,36,Male,2025-03-03
262,Divij Bhargava,Delhi,25,Female,2024-12-10
263,Nishith Lall,Hyderabad,48,Male,2025-02-04
264,Sana Bali,Kolkata,38,Male,2024-06-23
265,Pranay Sur,Bangalore,34,Male,2024-09-14
266,Reyansh Handa,Kolkata,40,Female,2024-07-17
267,Sumer Varty,Bangalore,54,Male,2025-11-14
268,Lakshit Buch,Kolkata,33,Male,2025-01-18
269,Zara Walla,Hyderabad,23,Male,2025-08-28
270,Lagan Ahuja,Bangalore,25,Female,2025-07-10
271,Heer Varma,Delhi,42,Female,2024-08-08
272,Raghav Bhasin,Kolkata,35,Male,2026-03-11
273,Ira Bobal,Kolkata,42,Female,2025-06-10
274,Hrishita Dugar,Bangalore,29,Female,2024-07-18
275,Lagan Kibe,Delhi,32,Male,2024-10-04
276,Aradhya Wable,Delhi,43,Male,2025-07-11
277,Nayantara Deshmukh,Hyderabad,58,Female,2024-09-22
278,Samar Kala,Delhi,43,Male,2025-03-30
279,Kimaya Kashyap,Delhi,49,Female,2026-02-26
280,Aaryahi Sastry,Delhi,27,Female,2025-03-14
281,Tushar Viswanathan,Mumbai,33,Female,2024-12-18
282,Anika Ganesan,Hyderabad,24,Female,2024-08-17
283,Aradhya D’Alia,Kolkata,34,Female,2026-03-26
284,Shaan Magar,Bangalore,40,Female,2024-10-20
285,Shaan Gulati,Kolkata,43,Male,2025-08-12
286,Darshit Kamdar,Hyderabad,38,Male,2025-09-05
287,Ehsaan Ganesh,Bangalore,39,Female,2025-08-18
288,Lakshay Raval,Hyderabad,24,Female,2024-11-16
289,Zeeshan Shetty,Delhi,31,Female,2024-12-09
290,Zara Karnik,Bangalore,32,Male,2025-12-14
291,Anika Sarkar,Delhi,24,Female,2025-09-13
292,Jayesh Tella,Kolkata,26,Male,2026-04-14
293,Eva Samra,Kolkata,25,Female,2025-11-28
294,Zeeshan Kapoor,Bangalore,40,Female,2025-01-02
295,Arhaan Thakur,Bangalore,46,Male,2024-10-23
296,Mahika Chhabra,Hyderabad,35,Male,2024-10-18
297,Samar Bail,Hyderabad,48,Female,2024-07-23
298,Siya Kapadia,Delhi,47,Female,2024-08-04
299,Shray Doshi,Bangalore,56,Female,2025-01-27
300,Saksham Tripathi,Kolkata,52,Male,2024-12-09
301,Aarav Barad,Hyderabad,35,Male,2025-10-28
302,Nakul Raj,Hyderabad,59,Male,2026-04-01
303,Charvi Comar,Kolkata,56,Male,2024-08-14
304,Abram Bakshi,Hyderabad,34,Male,2025-06-17
305,Mamooty Korpal,Delhi,31,Male,2025-08-13
306,Vritika Sangha,Bangalore,48,Female,2025-11-08
307,Raghav Brar,Kolkata,41,Female,2025-08-04
308,Jayan Kala,Bangalore,52,Male,2025-09-02
309,Aarav Ratti,Hyderabad,51,Female,2025-02-26
310,Nakul Sangha,Hyderabad,20,Female,2026-01-18
311,Mehul Dani,Kolkata,54,Male,2025-06-07
312,Ayesha Sridhar,Delhi,57,Female,2025-04-16
313,Umang Shukla,Mumbai,43,Male,2026-04-20
314,Divyansh Tara,Kolkata,40,Male,2025-11-21
315,Ivan Singh,Mumbai,56,Female,2025-11-16
316,Shray Swamy,Mumbai,32,Male,2025-08-11
317,Drishya Bhatnagar,Delhi,21,Male,2025-09-29
318,Ishaan Ramesh,Mumbai,46,Male,2026-04-11
319,Shalv Yogi,Mumbai,39,Male,2024-12-01
320,Vidur Halder,Delhi,42,Male,2024-11-13
321,Kiaan Lall,Mumbai,30,Male,2026-01-11
322,Vanya Golla,Mumbai,35,Male,2025-01-25
323,Siya Raja,Mumbai,50,Male,2026-04-01
324,Elakshi Babu,Kolkata,33,Female,2024-10-08
325,Rhea Varma,Kolkata,59,Female,2025-02-03
326,Amira Gaba,Kolkata,19,Female,2026-04-11
327,Dishani Kadakia,Delhi,52,Male,2026-03-13
328,Kavya Dhingra,Hyderabad,59,Male,2025-10-21
329,Hazel Dar,Mumbai,51,Female,2024-11-09
330,Navya Ghose,Mumbai,47,Female,2025-08-25
331,Baiju Bose,Delhi,30,Female,2026-01-07
332,Neysa Dara,Mumbai,30,Male,2024-12-26
333,Indrajit Bose,Kolkata,35,Female,2025-01-01
334,Yakshit Walla,Hyderabad,49,Female,2025-07-25
335,Samaira Acharya,Bangalore,49,Male,2025-02-18
336,Farhan Wason,Mumbai,52,Female,2025-11-28
337,Kavya Kata,Kolkata,56,Male,2025-04-13
338,Taran Seshadri,Bangalore,46,Male,2025-11-28
339,Mohanlal Kanda,Hyderabad,46,Male,2024-09-15
340,Charvi Mand,Bangalore,33,Female,2026-01-11
341,Stuvan Doshi,Kolkata,27,Female,2025-05-17
342,Prerak Keer,Bangalore,47,Male,2024-09-07
343,Gokul Dass,Delhi,42,Female,2025-06-01
344,Kavya Mander,Bangalore,56,Female,2025-05-26
345,Abram Ghosh,Mumbai,37,Female,2025-05-30
346,Indrajit Chana,Mumbai,22,Female,2026-03-02
347,Pari Jaggi,Delhi,18,Male,2026-01-28
348,Nakul Dara,Kolkata,47,Female,2025-05-21
349,Anaya Suresh,Mumbai,20,Male,2024-07-04
350,Saira Lata,Hyderabad,31,Male,2024-06-22
351,Romil Bhardwaj,Mumbai,47,Female,2026-02-26
352,Divit Sekhon,Mumbai,21,Male,2024-10-17
353,Inaaya  Dugar,Kolkata,35,Female,2026-04-13
354,Faiyaz Tella,Bangalore,54,Female,2026-02-24
355,Gokul Walla,Mumbai,42,Male,2026-02-08
356,Dishani Borah,Delhi,18,Male,2025-04-15
357,Navya Bawa,Bangalore,32,Male,2025-03-17
358,Jayesh Andra,Hyderabad,26,Male,2025-08-31
359,Vritika Tailor,Kolkata,32,Female,2026-02-08
360,Ehsaan Dara,Hyderabad,41,Female,2025-02-20
361,Arhaan Dar,Bangalore,21,Female,2025-02-08
362,Gatik Sura,Bangalore,29,Male,2026-01-25
363,Vivaan Lalla,Bangalore,54,Male,2024-09-15
364,Aaina Sami,Hyderabad,54,Male,2026-03-08
365,Eva Bhatnagar,Bangalore,23,Female,2025-05-15
366,Inaaya  Upadhyay,Hyderabad,56,Male,2025-05-11
367,Onkar Kant,Bangalore,41,Female,2024-08-25
368,Nehmat Wali,Delhi,28,Male,2025-03-05
369,Zara D’Alia,Bangalore,30,Female,2025-04-08
370,Inaaya  Sabharwal,Hyderabad,51,Female,2025-02-04
371,Alia Apte,Mumbai,42,Male,2025-01-27
372,Aarav Dora,Bangalore,24,Male,2025-04-13
373,Ritvik Kari,Mumbai,21,Female,2024-10-06
374,Armaan Ratti,Delhi,25,Female,2024-12-31
375,Amira Wadhwa,Kolkata,37,Male,2024-11-19
376,Navya Zachariah,Delhi,46,Male,2026-02-02
377,Biju Rege,Bangalore,27,Female,2025-05-29
378,Ira Aurora,Mumbai,51,Male,2025-07-23
379,Ishita Sule,Mumbai,43,Female,2026-05-02
380,Lakshit Ram,Hyderabad,58,Female,2025-09-15
381,Vihaan Ranganathan,Mumbai,20,Male,2025-02-26
382,Eshani Mander,Hyderabad,23,Male,2024-07-09
383,Nayantara Mahajan,Kolkata,22,Male,2025-08-31
384,Saira Sachar,Bangalore,22,Male,2024-12-04
385,Jivika Sheth,Hyderabad,40,Male,2025-10-19
386,Tanya Mangal,Kolkata,26,Female,2025-05-19
387,Taran Goyal,Mumbai,52,Female,2025-08-03
388,Kartik Kothari,Mumbai,37,Male,2024-05-14
389,Sahil Bhasin,Kolkata,59,Male,2024-09-28
390,Amira Bajaj,Mumbai,52,Male,2026-02-14
391,Amira Kade,Kolkata,35,Female,2025-07-12
392,Nakul Kala,Hyderabad,34,Male,2025-02-14
393,Anay Agarwal,Hyderabad,41,Male,2024-10-14
394,Gokul Rajagopal,Kolkata,20,Female,2024-10-07
395,Pranay Kala,Hyderabad,49,Female,2024-06-10
396,Ela Chada,Hyderabad,52,Male,2026-04-24
397,Pranay Bhalla,Hyderabad,55,Male,2024-12-21
398,Farhan Chowdhury,Delhi,30,Male,2025-08-27
399,Yuvaan Mammen,Bangalore,42,Female,2025-06-03
400,Fateh Bhalla,Mumbai,26,Male,2025-03-20
401,Aaina Bhagat,Delhi,21,Male,2025-07-05
402,Dhanuk Dutt,Hyderabad,31,Male,2025-07-27
403,Lakshit Raj,Kolkata,54,Female,2024-12-06
404,Veer Kara,Hyderabad,51,Female,2025-08-21
405,Oorja Saha,Bangalore,28,Male,2024-07-22
406,Siya Wadhwa,Hyderabad,58,Male,2024-11-22
407,Khushi Shetty,Kolkata,20,Female,2024-07-05
408,Yasmin Comar,Bangalore,45,Female,2025-10-23
409,Sara Ravel,Hyderabad,46,Female,2024-11-13
410,Jayant Zacharia,Bangalore,26,Female,2026-02-14
411,Gatik Bhatia,Mumbai,20,Female,2025-08-22
412,Ehsaan Kothari,Mumbai,42,Female,2025-07-29
413,Damini Rao,Hyderabad,51,Female,2024-05-14
414,Suhana Badami,Bangalore,29,Female,2025-03-25
415,Inaaya  Chhabra,Kolkata,59,Female,2024-11-13
416,Tarini Kant,Hyderabad,26,Male,2026-04-28
417,Arnav Wali,Mumbai,32,Male,2026-05-08
418,Uthkarsh Mani,Mumbai,57,Male,2024-12-26
419,Keya Khanna,Hyderabad,42,Female,2025-10-08
420,Ritvik Johal,Bangalore,22,Male,2025-10-24
421,Mamooty Rajagopal,Mumbai,28,Female,2025-04-01
422,Shayak Rege,Bangalore,51,Female,2025-05-15
423,Amira Joshi,Mumbai,41,Male,2026-04-05
424,Kimaya Venkataraman,Mumbai,32,Female,2024-08-07
425,Aarav Ben,Delhi,55,Male,2024-12-17
426,Nakul Dhar,Mumbai,25,Male,2024-12-21
427,Mamooty Luthra,Kolkata,22,Male,2025-03-21
428,Myra Barad,Hyderabad,43,Female,2025-11-20
429,Lakshay Seth,Hyderabad,35,Male,2025-06-28
430,Zara Sachdeva,Bangalore,23,Female,2026-04-11
431,Indrans Chopra,Mumbai,54,Male,2026-02-25
432,Devansh Mangal,Kolkata,30,Male,2024-06-15
433,Mehul Chatterjee,Bangalore,45,Male,2025-08-13
434,Dharmajan Varughese,Delhi,22,Female,2025-08-16
435,Piya Kaul,Bangalore,30,Female,2025-06-30
436,Taran Chatterjee,Bangalore,34,Female,2024-10-02
437,Anahi Tailor,Mumbai,57,Male,2025-01-25
438,Raghav Manda,Delhi,49,Male,2026-01-30
439,Anahita Dash,Bangalore,46,Female,2025-10-09
440,Bhamini Bose,Kolkata,20,Female,2024-10-27
441,Zeeshan Ramakrishnan,Kolkata,57,Female,2024-08-20
442,Shray Wable,Hyderabad,51,Female,2025-06-03
443,Nitara Dara,Delhi,57,Female,2024-06-30
444,Renee Sengupta,Delhi,44,Female,2024-12-24
445,Kabir Khosla,Hyderabad,30,Male,2024-05-21
446,Samarth Mangat,Bangalore,50,Female,2025-03-29
447,Pihu Gaba,Delhi,23,Male,2025-08-03
448,Ayesha Amble,Kolkata,41,Male,2025-07-15
449,Saanvi Dubey,Kolkata,36,Female,2025-12-19
450,Uthkarsh Karan,Mumbai,33,Female,2026-02-27
451,Manjari Viswanathan,Delhi,57,Male,2025-06-11
452,Nirvi Dhaliwal,Bangalore,45,Female,2024-08-05
453,Jivin Bains,Hyderabad,50,Female,2025-03-28
454,Anahita Chokshi,Hyderabad,58,Male,2024-09-14
455,Vardaniya D’Alia,Bangalore,30,Male,2025-09-05
456,Ishaan Ghose,Mumbai,42,Male,2024-09-01
457,Dishani Bhatti,Hyderabad,59,Female,2025-11-13
458,Parinaaz Devi,Delhi,53,Male,2024-10-25
459,Zeeshan Bumb,Mumbai,44,Female,2025-11-05
460,Anay Dewan,Delhi,55,Male,2025-08-03
461,Rania Raval,Kolkata,24,Male,2024-08-26
462,Ela Sachar,Mumbai,22,Male,2025-07-27
463,Ishaan Shan,Hyderabad,48,Female,2025-05-23
464,Akarsh Konda,Mumbai,40,Female,2026-01-28
465,Armaan Subramaniam,Mumbai,59,Male,2024-12-02
466,Samarth Kulkarni,Mumbai,27,Male,2024-11-26
467,Jivika Chad,Mumbai,49,Male,2024-12-24
468,Vaibhav Gade,Delhi,47,Female,2025-05-12
469,Priyansh Jhaveri,Kolkata,56,Male,2024-09-20
470,Neelofar Char,Bangalore,48,Female,2024-12-11
471,Anahi Ramachandran,Mumbai,35,Male,2025-04-17
472,Indranil Ghose,Hyderabad,53,Male,2026-05-07
473,Zoya Sandal,Mumbai,19,Male,2026-04-14
474,Yuvraj  Johal,Hyderabad,31,Male,2025-02-01
475,Rohan Chauhan,Delhi,30,Male,2025-04-11
476,Jhanvi Dugar,Hyderabad,46,Male,2025-09-22
477,Jiya Saini,Bangalore,29,Female,2025-02-08
478,Nirvi Hans,Kolkata,56,Male,2024-08-08
479,Hunar Kala,Hyderabad,19,Female,2025-01-16
480,Heer Hari,Hyderabad,49,Male,2025-06-30
481,Mannat Keer,Kolkata,30,Male,2025-02-20
482,Devansh Rout,Bangalore,44,Female,2024-12-25
483,Dhanush Venkatesh,Mumbai,58,Male,2025-02-08
484,Hunar Shere,Hyderabad,34,Female,2026-03-27
485,Neysa Balay,Kolkata,57,Female,2024-10-04
486,Dhanush Deol,Delhi,48,Male,2025-11-15
487,Misha Bhandari,Kolkata,51,Female,2026-01-22
488,Vivaan Dhillon,Delhi,41,Female,2026-02-11
489,Lakshay Grewal,Bangalore,52,Male,2024-06-16
490,Miraan Bal,Mumbai,23,Female,2025-02-08
491,Diya Kibe,Kolkata,36,Male,2024-12-19
492,Uthkarsh Bhattacharyya,Hyderabad,47,Male,2026-01-09
493,Chirag Chaudhry,Bangalore,24,Male,2026-02-23
494,Ahana  Kumer,Kolkata,27,Male,2025-06-04
495,Elakshi Dyal,Hyderabad,58,Female,2024-08-24
496,Kimaya Walla,Kolkata,49,Male,2026-03-27
497,Suhana Varghese,Delhi,51,Male,2026-03-19
498,Abram Balan,Kolkata,45,Female,2025-01-16
499,Rati Ratta,Kolkata,32,Male,2026-02-08
500,Badal Gole,Kolkata,47,Male,2025-04-17
501,Yakshit Kothari,Bangalore,54,Female,2025-04-13
502,Ela Walia,Kolkata,46,Female,2025-10-15
503,Dhanuk Saran,Hyderabad,39,Female,2025-09-10
504,Lavanya Maharaj,Delhi,21,Female,2025-02-03
505,Fateh Shere,Delhi,37,Female,2025-09-19
506,Vedika Walla,Kolkata,49,Female,2026-04-04
507,Anahi Anne,Bangalore,53,Female,2025-06-23
508,Anika Saraf,Bangalore,21,Male,2025-08-15
509,Kimaya Sarin,Hyderabad,44,Female,2025-08-27
510,Uthkarsh Goda,Kolkata,34,Female,2026-05-04
511,Hridaan Randhawa,Delhi,29,Female,2026-03-03
512,Saira Acharya,Bangalore,39,Male,2024-10-12
513,Jayan Sandal,Kolkata,34,Male,2026-02-19
514,Jivika Taneja,Bangalore,27,Female,2025-06-01
515,Amani Roy,Bangalore,18,Female,2024-05-26
516,Advik Grewal,Delhi,39,Female,2025-04-17
517,Mamooty Sahni,Mumbai,43,Male,2025-10-20
518,Piya Char,Hyderabad,35,Male,2024-12-16
519,Aarush Mann,Hyderabad,31,Female,2024-11-27
520,Krish Mane,Delhi,46,Male,2025-06-16
521,Azad Yohannan,Bangalore,29,Female,2025-03-31
522,Rati Krish,Kolkata,53,Male,2024-07-29
523,Priyansh Sura,Bangalore,52,Male,2025-08-28
524,Arnav Tripathi,Delhi,29,Female,2024-12-02
525,Emir Doshi,Hyderabad,24,Female,2025-03-25
526,Divyansh Suresh,Bangalore,46,Female,2025-10-08
527,Nirvaan Kanda,Hyderabad,28,Female,2026-03-05
528,Anahi Bobal,Kolkata,50,Male,2026-03-13
529,Advik Deshmukh,Hyderabad,23,Male,2026-04-03
530,Ahana  Bora,Hyderabad,32,Male,2025-03-24
531,Mehul Sandal,Mumbai,49,Female,2025-08-27
532,Darshit Sandhu,Mumbai,28,Male,2026-01-10
533,Anika Varughese,Mumbai,40,Female,2025-05-25
534,Biju Sane,Hyderabad,43,Male,2025-12-25
535,Prisha Ravel,Delhi,51,Female,2024-11-28
536,Nayantara Kannan,Hyderabad,51,Female,2025-04-03
537,Hiran Sule,Delhi,46,Male,2025-06-12
538,Jayant Batra,Delhi,21,Female,2024-10-21
539,Kabir Subramanian,Mumbai,34,Female,2024-12-14
540,Ahana  Salvi,Bangalore,52,Male,2025-10-16
541,Jhanvi Shroff,Kolkata,30,Female,2026-04-25
542,Mishti Lal,Mumbai,58,Female,2026-03-05
543,Siya Upadhyay,Mumbai,56,Female,2025-12-12
544,Rasha Luthra,Bangalore,32,Male,2024-12-10
545,Yashvi Kadakia,Kolkata,46,Male,2025-04-04
546,Tejas Anne,Hyderabad,46,Female,2025-01-11
547,Amira Badami,Hyderabad,28,Male,2025-09-05
548,Saksham Shukla,Mumbai,49,Female,2024-06-08
549,Pari Joshi,Kolkata,19,Female,2025-04-08
550,Sana Dutt,Mumbai,31,Female,2025-10-30
551,Mamooty Sidhu,Delhi,37,Female,2024-12-30
552,Myra Sarma,Mumbai,39,Female,2026-03-31
553,Raunak Hans,Mumbai,28,Male,2025-05-30
554,Jayan Rajagopal,Hyderabad,44,Female,2024-10-06
555,Mehul Din,Hyderabad,20,Male,2024-08-06
556,Zain Sarin,Hyderabad,34,Male,2025-04-22
557,Ojas Suri,Delhi,45,Female,2024-07-20
558,Kiaan Tiwari,Hyderabad,46,Female,2025-01-29
559,Shlok Datta,Kolkata,38,Male,2026-01-14
560,Seher Chander,Bangalore,33,Male,2024-09-16
561,Adah Wagle,Kolkata,54,Male,2024-10-16
562,Mahika Kuruvilla,Kolkata,37,Female,2024-08-02
563,Manikya Babu,Hyderabad,23,Male,2024-05-14
564,Tara Bose,Bangalore,36,Female,2026-03-23
565,Madhav Chawla,Bangalore,22,Female,2026-04-30
566,Manikya Solanki,Bangalore,20,Female,2025-09-12
567,Indrans Guha,Delhi,18,Male,2024-10-15
568,Shalv Dhar,Hyderabad,55,Female,2024-08-18
569,Kabir Bath,Bangalore,32,Female,2024-10-04
570,Drishya Lall,Delhi,51,Female,2025-05-06
571,Madhup Agrawal,Mumbai,52,Female,2025-10-12
572,Samarth Kulkarni,Mumbai,42,Female,2025-01-09
573,Adira Zacharia,Delhi,41,Male,2025-12-08
574,Divyansh Bhardwaj,Delhi,29,Female,2026-02-17
575,Mamooty Batra,Hyderabad,35,Female,2024-06-07
576,Miraan Raju,Hyderabad,32,Male,2026-02-15
577,Sumer Srinivasan,Mumbai,33,Female,2026-04-07
578,Siya Dey,Bangalore,44,Male,2025-01-10
579,Ryan Srivastava,Mumbai,25,Female,2025-04-15
580,Ojas Sanghvi,Bangalore,42,Male,2024-11-29
581,Shayak Srinivasan,Bangalore,34,Male,2025-07-18
582,Vivaan Chauhan,Hyderabad,46,Female,2025-02-18
583,Indrajit Shenoy,Kolkata,25,Female,2024-12-27
584,Mannat Jani,Kolkata,32,Female,2026-02-03
585,Nitya Loke,Delhi,44,Male,2025-10-09
586,Ela Wagle,Hyderabad,24,Male,2025-09-30
587,Aarna Kakar,Bangalore,20,Male,2024-05-22
588,Purab Vora,Kolkata,46,Female,2025-10-07
589,Himmat Lala,Bangalore,41,Male,2024-10-08
590,Mohanlal Tandon,Kolkata,20,Male,2024-08-21
591,Hrishita Bora,Kolkata,37,Female,2025-09-18
592,Amira Bava,Kolkata,32,Male,2024-07-23
593,Akarsh Sehgal,Hyderabad,42,Male,2025-03-16
594,Sara Wagle,Mumbai,47,Female,2025-02-16
595,Seher Bakshi,Bangalore,31,Male,2026-03-10
596,Kabir Johal,Hyderabad,24,Female,2026-02-22
597,Jiya Rout,Hyderabad,34,Female,2026-01-14
598,Devansh Ganguly,Hyderabad,37,Female,2024-06-26
599,Raghav Choudhury,Hyderabad,53,Female,2025-01-01
600,Ela Rau,Hyderabad,26,Female,2024-09-26
601,Samarth Kulkarni,Delhi,55,Male,2025-04-25
602,Arhaan Setty,Bangalore,39,Male,2024-09-16
603,Nayantara Ghosh,Hyderabad,19,Female,2026-01-28
604,Jivin Kara,Bangalore,41,Female,2025-06-05
605,Hrishita Salvi,Delhi,25,Male,2025-01-01
606,Mannat Barad,Delhi,28,Female,2025-02-19
607,Himmat Bali,Bangalore,30,Female,2025-12-21
608,Anay Walia,Kolkata,34,Female,2024-06-25
609,Tiya Balasubramanian,Mumbai,25,Male,2025-11-14
610,Adira Sur,Kolkata,38,Male,2024-09-13
611,Tarini Kara,Kolkata,35,Female,2024-10-28
612,Vihaan Wason,Kolkata,47,Female,2024-09-16
613,Indrans Soman,Hyderabad,35,Male,2025-09-13
614,Uthkarsh Comar,Delhi,48,Male,2025-03-03
615,Keya Warrior,Kolkata,55,Female,2025-11-21
616,Akarsh Dasgupta,Delhi,49,Female,2025-11-13
617,Ayesha Srinivasan,Bangalore,28,Male,2024-08-08
618,Kaira Chowdhury,Mumbai,42,Male,2025-03-07
619,Yuvaan Rastogi,Bangalore,50,Male,2025-08-05
620,Hansh Bir,Bangalore,55,Female,2026-05-12
621,Anahi Korpal,Hyderabad,58,Male,2026-01-27
622,Kismat Rao,Mumbai,25,Female,2026-04-17
623,Advik Thakur,Bangalore,28,Male,2025-09-28
624,Vivaan Vasa,Bangalore,39,Male,2024-10-01
625,Riya Venkatesh,Mumbai,41,Male,2025-05-21
626,Shamik Wable,Mumbai,58,Male,2026-01-29
627,Madhav Kalla,Bangalore,34,Female,2024-10-04
628,Amani Kumer,Mumbai,29,Female,2025-01-14
629,Renee Handa,Bangalore,49,Male,2025-12-16
630,Mamooty Chandra,Bangalore,32,Female,2024-05-19
631,Urvi Divan,Hyderabad,33,Male,2026-01-02
632,Nirvaan Kaur,Kolkata,39,Male,2024-06-16
633,Manjari Golla,Bangalore,45,Male,2026-01-21
634,Trisha Sidhu,Delhi,37,Male,2025-04-11
635,Piya Bhatti,Kolkata,50,Female,2024-06-14
636,Taimur Krish,Kolkata,27,Male,2025-09-03
637,Advika Chand,Kolkata,57,Male,2025-10-27
638,Anvi Viswanathan,Hyderabad,49,Female,2025-02-02
639,Kanav Mahajan,Bangalore,50,Male,2026-02-26
640,Raghav Ghose,Hyderabad,19,Male,2024-09-02
641,Prerak Bahri,Bangalore,50,Male,2024-05-24
642,Amani Deshmukh,Hyderabad,50,Female,2025-11-28
643,Emir Swamy,Hyderabad,58,Male,2025-04-08
644,Azad Chaudhari,Delhi,30,Female,2025-10-30
645,Vidur Ratti,Hyderabad,47,Male,2024-06-19
646,Divit Sampath,Mumbai,50,Male,2025-06-29
647,Purab Bath,Delhi,30,Female,2025-09-14
648,Badal Ratta,Hyderabad,43,Male,2026-03-10
649,Badal Sawhney,Kolkata,39,Male,2024-09-12
650,Eva Sharaf,Mumbai,56,Female,2024-12-07
651,Damini Yadav,Mumbai,19,Female,2025-12-02
652,Pari Sagar,Mumbai,55,Female,2025-06-03
653,Chirag Madan,Delhi,56,Female,2026-03-29
654,Adira Sawhney,Hyderabad,43,Female,2025-11-27
655,Vihaan Banerjee,Hyderabad,32,Male,2026-03-01
656,Sana Sant,Kolkata,51,Female,2026-02-17
657,Bhavin Babu,Kolkata,59,Male,2024-06-02
658,Shanaya Ganguly,Mumbai,57,Male,2024-11-03
659,Heer Warrior,Kolkata,28,Male,2024-08-02
660,Kaira Sampath,Delhi,20,Female,2026-04-28
661,Lakshay Kara,Hyderabad,23,Female,2025-11-22
662,Lakshay Taneja,Mumbai,26,Male,2025-05-26
663,Sahil Chacko,Kolkata,23,Female,2026-03-12
664,Lagan Tank,Delhi,26,Female,2025-10-09
665,Zoya Sarraf,Delhi,56,Female,2026-05-05
666,Kismat Varghese,Kolkata,48,Female,2025-03-02
667,Oorja Sundaram,Hyderabad,49,Male,2024-12-19
668,Rasha Grewal,Kolkata,58,Male,2025-06-21
669,Nitara Bains,Mumbai,29,Female,2025-06-25
670,Shray Ray,Kolkata,25,Male,2024-08-09
671,Miraan Sahni,Delhi,25,Female,2025-11-09
672,Aradhya Kale,Kolkata,45,Female,2025-05-29
673,Neelofar Srinivasan,Hyderabad,37,Male,2026-02-15
674,Lakshit Dhillon,Bangalore,24,Male,2025-01-27
675,Lagan Andra,Kolkata,28,Male,2025-10-12
676,Rohan Bahl,Hyderabad,37,Female,2025-08-26
677,Uthkarsh Krishnamurthy,Hyderabad,33,Male,2025-02-19
678,Abram Badami,Delhi,21,Female,2024-11-08
679,Amani Setty,Hyderabad,23,Male,2026-04-07
680,Nakul Bose,Hyderabad,39,Male,2025-09-30
681,Shaan Singh,Hyderabad,43,Female,2025-12-13
682,Gatik Balay,Hyderabad,20,Female,2025-04-14
683,Hunar Gokhale,Mumbai,58,Female,2025-02-26
684,Emir Kar,Mumbai,59,Female,2025-10-14
685,Rhea Dugal,Delhi,31,Female,2024-11-23
686,Renee Yogi,Kolkata,28,Female,2025-02-14
687,Zain Krishnan,Hyderabad,35,Female,2026-05-13
688,Rati Kar,Kolkata,29,Female,2025-10-07
689,Suhana Sem,Kolkata,40,Male,2024-05-29
690,Zaina Swaminathan,Delhi,29,Female,2025-11-22
691,Vidur Khosla,Hyderabad,30,Female,2024-10-17
692,Mahika Bedi,Hyderabad,42,Male,2025-08-31
693,Samiha Soni,Bangalore,36,Female,2025-04-08
694,Aradhya Devan,Kolkata,53,Male,2025-04-01
695,Saanvi Sodhi,Kolkata,25,Male,2024-09-05
696,Tanya Aggarwal,Mumbai,46,Female,2025-05-23
697,Umang Ghose,Bangalore,49,Male,2024-07-20
698,Yuvraj  Shukla,Mumbai,35,Female,2025-07-05
699,Raghav Lalla,Mumbai,23,Male,2026-04-24
700,Chirag Sengupta,Mumbai,35,Male,2025-12-21
701,Indrajit Varkey,Delhi,36,Male,2024-07-14
702,Vanya Loke,Delhi,39,Female,2024-07-12
703,Kabir Din,Mumbai,54,Female,2025-12-06
704,Mishti Varkey,Bangalore,49,Male,2024-09-05
705,Hrishita Subramaniam,Kolkata,58,Male,2024-10-16
706,Ritvik Bumb,Bangalore,20,Female,2025-08-24
707,Misha Khurana,Hyderabad,45,Female,2025-04-09
708,Drishya Gaba,Delhi,27,Male,2026-03-18
709,Shalv Tak,Kolkata,52,Male,2025-04-02
710,Vidur Dua,Kolkata,46,Female,2026-01-17
711,Vidur Sani,Hyderabad,32,Female,2026-04-27
712,Navya Chand,Hyderabad,50,Female,2026-04-08
713,Advik Mann,Mumbai,24,Female,2026-04-11
714,Urvi Agrawal,Delhi,29,Female,2026-05-05
715,Amani Dube,Delhi,47,Male,2024-11-08
716,Tanya Balan,Bangalore,38,Female,2025-03-06
717,Adah Agate,Mumbai,48,Male,2025-08-01
718,Yasmin Varkey,Mumbai,41,Female,2025-10-26
719,Advik Iyer,Mumbai,37,Male,2025-08-01
720,Kanav Ravel,Mumbai,54,Female,2026-01-10
721,Devansh Dani,Delhi,21,Female,2025-07-21
722,Advik Bahri,Delhi,45,Male,2025-09-18
723,Indrajit Chokshi,Mumbai,37,Male,2026-02-05
724,Ira Biswas,Bangalore,41,Female,2025-10-04
725,Zoya Deshpande,Kolkata,49,Female,2025-03-17
726,Mehul Kunda,Kolkata,58,Female,2025-12-29
727,Ritvik Khalsa,Bangalore,53,Female,2025-08-30
728,Jayant Subramaniam,Mumbai,51,Female,2024-11-19
729,Himmat Gopal,Delhi,53,Male,2024-05-16
730,Kiara Mallick,Kolkata,19,Male,2026-01-09
731,Miraan Kurian,Hyderabad,32,Female,2026-04-12
732,Riya Brahmbhatt,Hyderabad,51,Male,2025-03-04
733,Baiju Chana,Bangalore,53,Male,2025-02-26
734,Krish Kata,Mumbai,23,Male,2024-08-19
735,Ojas Sehgal,Kolkata,56,Female,2024-08-16
736,Aarna Chowdhury,Mumbai,59,Male,2026-03-18
737,Reyansh Ravel,Kolkata,29,Female,2024-07-29
738,Bhavin Bahri,Bangalore,20,Male,2025-10-24
739,Vritika Verma,Bangalore,35,Female,2025-02-24
740,Romil Virk,Hyderabad,57,Male,2025-05-14
741,Vardaniya Barad,Mumbai,38,Female,2025-12-14
742,Ivan Jayaraman,Hyderabad,32,Female,2026-02-13
743,Samiha Keer,Mumbai,50,Male,2026-01-28
744,Mahika Ganesh,Hyderabad,52,Female,2025-07-20
745,Sumer Balay,Delhi,43,Female,2025-05-17
746,Raunak Contractor,Delhi,25,Female,2025-02-23
747,Aarush Vasa,Delhi,53,Female,2026-02-14
748,Diya Krishna,Delhi,47,Female,2026-01-21
749,Ritvik Dani,Kolkata,40,Female,2025-05-22
750,Drishya Ravel,Delhi,59,Female,2025-02-28
751,Kartik Deo,Bangalore,31,Female,2024-05-24
752,Pihu Subramaniam,Bangalore,31,Male,2025-05-18
753,Nishith Acharya,Kolkata,19,Male,2026-02-07
754,Aniruddh Buch,Delhi,54,Female,2024-07-08
755,Tejas Dada,Delhi,22,Female,2025-09-03
756,Parinaaz Kashyap,Delhi,55,Male,2025-08-03
757,Yasmin Wali,Hyderabad,58,Male,2025-04-02
758,Mohanlal Hayre,Mumbai,31,Male,2026-03-16
759,Saksham Rastogi,Hyderabad,56,Female,2025-06-23
760,Rasha Comar,Mumbai,42,Male,2024-09-26
761,Mannat Ratta,Delhi,37,Female,2025-08-06
762,Piya Chadha,Delhi,19,Female,2024-11-10
763,Nitya Saini,Hyderabad,56,Male,2025-08-19
764,Raunak Talwar,Hyderabad,23,Female,2024-09-18
765,Ranbir Mammen,Mumbai,34,Female,2024-10-28
766,Shray Gara,Bangalore,42,Female,2025-08-26
767,Anay Handa,Mumbai,45,Female,2026-02-04
768,Eshani Kunda,Hyderabad,19,Male,2024-09-01
769,Aayush Chawla,Hyderabad,52,Male,2026-01-07
770,Neelofar Krishnamurthy,Kolkata,54,Female,2024-08-04
771,Arhaan Dhaliwal,Hyderabad,22,Female,2025-07-24
772,Hridaan Chaudhari,Kolkata,18,Male,2025-05-25
773,Parinaaz Dixit,Bangalore,57,Female,2025-11-06
774,Shayak Andra,Mumbai,29,Male,2025-10-30
775,Lakshay Goda,Mumbai,53,Female,2025-05-12
776,Jivin Sane,Kolkata,40,Female,2024-07-02
777,Arnav Sengupta,Mumbai,48,Male,2025-07-29
778,Ela Toor,Hyderabad,28,Male,2025-01-26
779,Jivika Chanda,Delhi,27,Male,2025-02-28
780,Nirvaan Bora,Kolkata,20,Male,2024-10-10
781,Abram Mani,Mumbai,31,Female,2024-09-03
782,Arhaan Ghose,Kolkata,33,Male,2024-11-23
783,Prisha Madan,Kolkata,27,Female,2025-07-08
784,Nitya Grover,Delhi,46,Male,2026-03-21
785,Ishita Subramaniam,Hyderabad,27,Male,2025-12-01
786,Rania Dash,Kolkata,29,Female,2025-08-16
787,Jayesh Chatterjee,Mumbai,47,Male,2025-06-14
788,Rohan Upadhyay,Bangalore,58,Male,2025-06-03
789,Dhanush Agrawal,Kolkata,18,Male,2024-05-26
790,Aaina Bakshi,Kolkata,22,Male,2025-10-01
791,Samaira Cheema,Delhi,37,Female,2024-05-23
792,Anvi Maharaj,Hyderabad,25,Female,2024-12-03
793,Nishith Chaudry,Bangalore,29,Male,2026-04-19
794,Drishya Kade,Mumbai,18,Male,2024-06-08
795,Advik Kapoor,Bangalore,37,Male,2024-11-26
796,Manjari Zacharia,Mumbai,45,Female,2025-01-27
797,Lavanya Chadha,Hyderabad,54,Female,2024-07-25
798,Shamik Banik,Mumbai,54,Female,2025-09-02
799,Vivaan Kalla,Delhi,29,Female,2025-12-15
800,Taimur Agarwal,Delhi,54,Male,2026-01-14
801,Aarush Sane,Delhi,45,Male,2025-07-25
802,Sahil Vala,Delhi,32,Male,2026-03-10
803,Pihu Sagar,Bangalore,23,Female,2025-01-16
804,Priyansh Devan,Hyderabad,37,Male,2024-12-31
805,Damini Sahni,Mumbai,31,Female,2026-04-23
806,Amani Garde,Mumbai,19,Female,2026-03-26
807,Mahika Badami,Delhi,26,Male,2026-05-07
808,Indrans Rattan,Delhi,54,Male,2026-04-14
809,Ritvik Comar,Kolkata,37,Male,2024-05-14
810,Yashvi Sheth,Hyderabad,43,Female,2025-06-02
811,Vaibhav Sundaram,Bangalore,46,Female,2026-04-19
812,Zoya Talwar,Mumbai,18,Male,2026-01-02
813,Hrishita Bansal,Kolkata,52,Male,2025-01-08
814,Purab Majumdar,Kolkata,23,Female,2025-03-04
815,Armaan Andra,Mumbai,54,Male,2026-02-05
816,Kiara Kale,Bangalore,22,Female,2026-04-28
817,Reyansh Sampath,Kolkata,50,Female,2025-01-02
818,Riya Ratti,Kolkata,31,Male,2024-06-29
819,Kaira Chatterjee,Hyderabad,29,Male,2025-12-07
820,Indranil Dube,Bangalore,59,Male,2025-06-09
821,Renee Khatri,Kolkata,37,Male,2025-07-15
822,Myra Mannan,Bangalore,41,Female,2024-09-15
823,Farhan Sarkar,Mumbai,51,Female,2024-11-20
824,Vedika Srinivasan,Delhi,42,Female,2024-09-10
825,Aayush Singh,Kolkata,46,Male,2025-01-05
826,Amani Dora,Hyderabad,56,Female,2026-01-24
827,Zara Goswami,Mumbai,48,Male,2025-07-01
828,Hrishita Singh,Bangalore,40,Male,2024-11-02
829,Jayan Goel,Mumbai,55,Male,2025-06-20
830,Kavya Gokhale,Kolkata,37,Male,2025-08-19
831,Prisha Reddy,Bangalore,40,Male,2025-08-18
832,Dhanuk Vig,Delhi,33,Male,2024-08-31
833,Dhruv Dara,Mumbai,59,Female,2025-03-16
834,Dharmajan Dhingra,Kolkata,25,Male,2026-01-14
835,Zoya Mangat,Hyderabad,38,Female,2026-03-03
836,Damini Gupta,Bangalore,18,Female,2025-09-18
837,Priyansh Buch,Mumbai,25,Male,2025-11-21
838,Lavanya Tailor,Mumbai,46,Male,2024-11-08
839,Zoya Luthra,Delhi,49,Male,2025-09-15
840,Ira Chander,Delhi,55,Female,2024-12-23
841,Himmat Rout,Hyderabad,22,Male,2025-11-16
842,Farhan Iyengar,Hyderabad,39,Female,2025-04-11
843,Kanav Dash,Kolkata,51,Male,2024-07-02
844,Shamik Madan,Kolkata,18,Male,2026-01-12
845,Alia Loyal,Hyderabad,43,Female,2025-07-12
846,Zeeshan Divan,Hyderabad,27,Female,2025-09-03
847,Alisha Goswami,Bangalore,47,Male,2025-10-17
848,Nitara Tella,Delhi,35,Female,2026-01-28
849,Dhruv Mander,Kolkata,34,Female,2025-08-28
850,Manjari Jani,Delhi,43,Female,2025-04-15
851,Oorja Sathe,Delhi,25,Female,2024-08-31
852,Gatik Deshmukh,Hyderabad,57,Female,2024-10-29
853,Indrajit Baria,Bangalore,29,Male,2025-03-02
854,Dishani Joshi,Mumbai,44,Male,2026-04-12
855,Mahika Sekhon,Bangalore,25,Female,2026-04-01
856,Zaina Arora,Bangalore,42,Male,2024-06-09
857,Lakshay Saran,Delhi,21,Male,2024-08-25
858,Divyansh Chana,Bangalore,50,Female,2025-10-12
859,Uthkarsh Lad,Kolkata,18,Male,2025-04-22
860,Kartik Dada,Delhi,36,Female,2026-02-24
861,Vedika Karnik,Kolkata,48,Female,2026-05-11
862,Oorja Dey,Mumbai,33,Male,2025-01-07
863,Uthkarsh Mander,Delhi,31,Female,2024-08-26
864,Yakshit Magar,Mumbai,22,Female,2025-11-21
865,Emir Dash,Delhi,58,Female,2026-05-06
866,Sana Uppal,Hyderabad,43,Female,2024-12-13
867,Rati Rajagopal,Bangalore,45,Female,2025-06-17
868,Stuvan Gokhale,Hyderabad,19,Male,2026-01-04
869,Aarna Kanda,Mumbai,23,Male,2024-07-23
870,Lagan Sant,Bangalore,26,Female,2025-08-19
871,Anika Sodhi,Delhi,50,Female,2025-07-13
872,Advik Sodhi,Bangalore,58,Male,2024-06-08
873,Pari Kurian,Kolkata,42,Female,2025-02-02
874,Indrans Date,Bangalore,30,Male,2025-06-27
875,Oorja Anand,Kolkata,26,Female,2025-08-12
876,Mamooty Thakur,Bangalore,30,Female,2024-07-02
877,Armaan Kala,Kolkata,48,Female,2025-08-22
878,Shlok Bumb,Mumbai,58,Female,2025-10-31
879,Rania Borah,Hyderabad,28,Female,2026-02-10
880,Vardaniya Chopra,Delhi,21,Female,2025-05-31
881,Yuvaan Sangha,Bangalore,51,Female,2024-09-07
882,Adira Issac,Hyderabad,55,Male,2025-04-02
883,Parinaaz Ramakrishnan,Delhi,21,Male,2025-05-27
884,Samarth Batta,Delhi,55,Male,2024-06-18
885,Amani Cheema,Kolkata,36,Female,2025-12-29
886,Vivaan Sharaf,Mumbai,23,Female,2025-10-08
887,Nehmat De,Mumbai,51,Female,2025-09-25
888,Hridaan Bera,Hyderabad,35,Female,2024-07-06
889,Samarth Deo,Mumbai,30,Female,2024-07-14
890,Piya Doctor,Bangalore,58,Female,2025-05-27
891,Amira Choudhry,Mumbai,40,Female,2025-09-28
892,Aniruddh Kadakia,Hyderabad,36,Male,2024-12-30
893,Jhanvi Madan,Mumbai,28,Female,2024-09-10
894,Lakshit Khurana,Bangalore,18,Male,2024-05-31
895,Heer Garde,Kolkata,41,Male,2025-09-08
896,Tiya Kalla,Hyderabad,24,Female,2024-06-12
897,Damini Khalsa,Kolkata,42,Female,2024-12-22
898,Armaan Chokshi,Kolkata,38,Male,2024-11-23
899,Anya Dave,Kolkata,32,Male,2024-05-21
900,Eshani Din,Delhi,18,Female,2025-07-11
901,Prisha Chandra,Delhi,29,Female,2025-02-04
902,Darshit Singh,Kolkata,24,Male,2025-08-17
903,Aarush Biswas,Hyderabad,32,Female,2024-06-25
904,Advika Varma,Bangalore,38,Female,2025-02-15
905,Dhanush Dhingra,Bangalore,36,Female,2024-09-23
906,Shaan Sandhu,Mumbai,46,Male,2025-04-21
907,Tarini Kuruvilla,Hyderabad,42,Male,2025-08-11
908,Faiyaz Tella,Delhi,50,Male,2026-04-22
909,Hunar Yadav,Kolkata,49,Female,2024-08-27
910,Kanav Bath,Mumbai,52,Female,2024-09-29
911,Devansh Mandal,Bangalore,55,Male,2025-05-09
912,Adah Gulati,Delhi,43,Male,2025-10-28
913,Riaan Kannan,Delhi,28,Male,2024-09-18
914,Sumer Balan,Kolkata,52,Female,2025-10-06
915,Nirvaan Krishnan,Bangalore,25,Male,2026-03-17
916,Samar Chada,Hyderabad,31,Male,2024-07-14
917,Lavanya Bajaj,Delhi,27,Female,2025-11-26
918,Eva Tripathi,Kolkata,19,Female,2026-04-30
919,Hansh Zacharia,Hyderabad,26,Female,2024-10-08
920,Zaina Kara,Bangalore,20,Male,2025-07-19
921,Devansh Gera,Delhi,38,Female,2024-11-25
922,Yashvi Randhawa,Hyderabad,43,Female,2025-12-02
923,Advika Bhandari,Hyderabad,25,Male,2026-01-24
924,Samaira Rao,Hyderabad,19,Female,2025-08-12
925,Oorja Sathe,Delhi,23,Male,2026-05-12
926,Vritika Uppal,Delhi,45,Male,2025-08-13
927,Elakshi Sampath,Mumbai,46,Female,2025-06-17
928,Prisha Divan,Bangalore,43,Female,2025-12-12
929,Tiya Ahluwalia,Kolkata,42,Female,2025-05-11
930,Rasha Rana,Hyderabad,29,Female,2025-08-18
931,Jhanvi Gera,Mumbai,22,Female,2025-07-12
932,Anay Baral,Kolkata,51,Female,2024-08-31
933,Anvi Saraf,Mumbai,54,Male,2025-10-14
934,Ayesha Chahal,Delhi,32,Male,2026-03-17
935,Hansh Kalla,Hyderabad,53,Female,2025-04-23
936,Ivana Chaudry,Kolkata,32,Male,2024-12-13
937,Rasha Kumar,Kolkata,40,Female,2025-09-02
938,Nirvaan Som,Kolkata,23,Male,2026-03-10
939,Jayan Johal,Kolkata,38,Male,2026-01-03
940,Armaan Kala,Kolkata,40,Male,2025-02-03
941,Mamooty Sundaram,Mumbai,33,Female,2024-06-05
942,Indrajit Hari,Hyderabad,32,Male,2025-07-29
943,Heer Sangha,Delhi,42,Female,2024-06-16
944,Suhana Dani,Delhi,53,Male,2025-04-26
945,Drishya Shanker,Delhi,28,Male,2026-02-16
946,Abram Ramesh,Delhi,32,Male,2025-04-15
947,Anika Krishnan,Mumbai,21,Male,2026-01-18
948,Zaina Shanker,Bangalore,38,Male,2025-11-05
949,Onkar Khatri,Hyderabad,30,Female,2025-08-26
950,Baiju Dhar,Kolkata,39,Female,2026-03-17
951,Hazel Lal,Bangalore,36,Male,2024-11-22
952,Nirvi Sha,Delhi,51,Male,2025-01-05
953,Dhruv Chanda,Bangalore,31,Male,2024-05-21
954,Nayantara Sastry,Hyderabad,21,Male,2024-12-26
955,Amani Desai,Kolkata,44,Female,2025-09-16
956,Rohan Rama,Kolkata,46,Male,2025-01-02
957,Aaryahi Doshi,Hyderabad,45,Female,2026-03-22
958,Yuvaan Dhar,Hyderabad,52,Male,2024-09-18
959,Ayesha Bawa,Delhi,25,Female,2025-09-18
960,Darshit Warrior,Kolkata,33,Male,2025-08-25
961,Inaaya  Dubey,Bangalore,59,Male,2026-04-16
962,Zeeshan Bhargava,Mumbai,53,Female,2026-02-11
963,Rhea Handa,Mumbai,47,Male,2025-08-23
964,Prerak Comar,Hyderabad,35,Male,2025-12-11
965,Jayan Chaudhuri,Delhi,19,Male,2024-07-19
966,Kartik Sarma,Mumbai,30,Female,2024-09-02
967,Bhamini Ram,Kolkata,21,Male,2024-11-29
968,Nitya Sachar,Hyderabad,43,Male,2025-04-25
969,Zara Maharaj,Bangalore,42,Female,2026-03-20
970,Zeeshan Lala,Hyderabad,47,Female,2025-02-11
971,Shayak Venkatesh,Bangalore,28,Female,2024-11-27
972,Manjari Warrior,Hyderabad,24,Male,2025-06-17
973,Yuvraj  Bath,Hyderabad,48,Male,2025-07-25
974,Kimaya Batra,Hyderabad,27,Male,2025-05-18
975,Zain Date,Bangalore,56,Female,2025-04-18
976,Zara Samra,Bangalore,30,Male,2024-09-12
977,Kiaan Chaudhari,Hyderabad,48,Male,2026-05-07
978,Hazel Dasgupta,Mumbai,24,Female,2025-02-19
979,Madhup Gill,Delhi,59,Female,2024-07-06
980,Ojas Balay,Delhi,59,Female,2026-03-11
981,Stuvan Koshy,Delhi,53,Female,2025-01-25
982,Zoya Aurora,Bangalore,37,Female,2026-05-14
983,Miraya Chauhan,Bangalore,21,Male,2025-09-13
984,Mahika Sandal,Mumbai,24,Female,2026-01-31
985,Uthkarsh Thakkar,Delhi,18,Male,2025-07-29
986,Kavya Raju,Delhi,59,Male,2026-01-02
987,Riaan Talwar,Hyderabad,30,Female,2025-07-31
988,Gatik Ghose,Bangalore,39,Female,2026-01-11
989,Elakshi Hayre,Delhi,38,Female,2025-06-07
990,Faiyaz Chanda,Mumbai,39,Male,2024-10-01
991,Saanvi Sachdev,Mumbai,45,Female,2026-05-09
992,Seher Bose,Delhi,26,Female,2024-10-23
993,Anvi Chaudhari,Bangalore,43,Female,2026-04-05
994,Yakshit Mangat,Mumbai,26,Female,2026-05-03
995,Emir Tailor,Hyderabad,32,Female,2025-01-15
996,Zoya Toor,Mumbai,27,Male,2025-08-29
997,Zoya Hayre,Kolkata,41,Male,2026-05-07
998,Vritika Krishnan,Kolkata,59,Male,2024-10-24
999,Eshani Karan,Bangalore,25,Female,2025-03-20
1000,Yuvaan Amble,Delhi,41,Female,2024-09-24
