order_id,customer_id,order_date,delivery_partner,payment_mode,city
1,975,2024-11-23,Instamart,Card,Hyderabad
2,548,2024-02-27,Zepto,UPI,Kolkata
3,621,2024-01-13,Blinkit,UPI,Mumbai
4,567,2025-01-14,Zepto,Card,Delhi
5,704,2024-05-20,Instamart,UPI,Kolkata
6,219,2024-05-05,Instamart,UPI,Bangalore
7,185,2024-04-24,Blinkit,Card,Delhi
8,69,2024-03-12,Instamart,Wallet,Bangalore
9,829,2025-01-12,Blinkit,Wallet,Bangalore
10,130,2024-02-22,Zepto,UPI,Bangalore
11,567,2024-12-12,Blinkit,UPI,Kolkata
12,890,2025-01-14,Blinkit,Card,Hyderabad
13,609,2025-04-01,Zepto,Card,Delhi
14,848,2024-10-06,Blinkit,Wallet,Mumbai
15,599,2024-02-14,Blinkit,Cash,Hyderabad
16,806,2024-10-29,Instamart,UPI,Kolkata
17,631,2024-08-04,Zepto,Cash,Bangalore
18,720,2024-01-17,Blinkit,Cash,Mumbai
19,334,2024-01-16,Zepto,Card,Delhi
20,925,2024-02-17,Zepto,UPI,Hyderabad
21,154,2024-04-21,Blinkit,UPI,Hyderabad
22,547,2024-04-29,Instamart,Card,Mumbai
23,79,2024-09-15,Zepto,Cash,Kolkata
24,579,2024-11-04,Blinkit,Card,Delhi
25,855,2024-01-14,Zepto,Wallet,Mumbai
26,413,2024-10-14,Instamart,UPI,Bangalore
27,546,2024-04-11,Instamart,Wallet,Delhi
28,609,2025-01-01,Instamart,Card,Hyderabad
29,169,2024-11-28,Blinkit,UPI,Mumbai
30,681,2024-12-25,Blinkit,Wallet,Hyderabad
31,663,2024-10-06,Instamart,Wallet,Hyderabad
32,583,2024-08-02,Blinkit,Cash,Hyderabad
33,515,2024-04-22,Instamart,UPI,Kolkata
34,314,2024-08-17,Blinkit,Wallet,Hyderabad
35,32,2024-10-28,Instamart,Wallet,Bangalore
36,287,2024-05-22,Zepto,Cash,Bangalore
37,594,2025-02-18,Instamart,Wallet,Delhi
38,43,2025-03-21,Instamart,Wallet,Hyderabad
39,903,2024-01-04,Blinkit,Wallet,Hyderabad
40,617,2025-01-23,Blinkit,Cash,Mumbai
41,1,2025-02-16,Blinkit,Wallet,Kolkata
42,573,2024-03-22,Blinkit,Wallet,Delhi
43,270,2024-12-23,Blinkit,UPI,Hyderabad
44,180,2024-08-04,Blinkit,UPI,Mumbai
45,736,2024-06-23,Zepto,Cash,Kolkata
46,518,2024-05-22,Instamart,Card,Delhi
47,103,2024-03-20,Instamart,UPI,Delhi
48,10,2024-04-20,Instamart,Cash,Hyderabad
49,583,2025-05-05,Zepto,Wallet,Delhi
50,90,2025-01-25,Instamart,Wallet,Mumbai
51,226,2024-06-21,Zepto,Cash,Delhi
52,670,2024-02-22,Zepto,Wallet,Bangalore
53,740,2024-02-17,Zepto,Wallet,Mumbai
54,917,2024-07-13,Instamart,Card,Kolkata
55,126,2024-02-19,Zepto,Wallet,Kolkata
56,956,2024-07-02,Instamart,UPI,Hyderabad
57,209,2025-03-09,Instamart,Wallet,Hyderabad
58,97,2024-06-25,Blinkit,Cash,Bangalore
59,74,2024-11-05,Blinkit,Card,Kolkata
60,627,2024-05-15,Zepto,Wallet,Kolkata
61,191,2025-02-17,Zepto,Cash,Kolkata
62,682,2024-01-23,Instamart,UPI,Kolkata
63,819,2025-01-08,Zepto,Wallet,Delhi
64,960,2024-08-23,Zepto,Card,Mumbai
65,716,2024-10-01,Instamart,Wallet,Mumbai
66,56,2024-03-04,Zepto,Cash,Bangalore
67,720,2025-05-13,Zepto,Card,Delhi
68,553,2025-04-17,Instamart,Wallet,Kolkata
69,32,2024-07-12,Instamart,UPI,Kolkata
70,527,2024-02-10,Blinkit,Card,Hyderabad
71,574,2024-10-09,Instamart,UPI,Hyderabad
72,667,2024-05-30,Blinkit,Cash,Bangalore
73,284,2025-02-28,Zepto,Wallet,Kolkata
74,721,2024-11-17,Instamart,UPI,Bangalore
75,832,2024-11-12,Instamart,Cash,Delhi
76,494,2025-03-29,Instamart,Wallet,Mumbai
77,187,2025-03-17,Zepto,Cash,Kolkata
78,498,2024-07-04,Blinkit,UPI,Delhi
79,442,2024-10-22,Zepto,Cash,Kolkata
80,130,2024-04-08,Zepto,Card,Hyderabad
81,639,2024-12-26,Instamart,Wallet,Bangalore
82,292,2024-02-05,Blinkit,Cash,Hyderabad
83,114,2024-01-24,Zepto,UPI,Mumbai
84,199,2024-12-04,Instamart,Wallet,Hyderabad
85,13,2024-04-26,Zepto,Card,Kolkata
86,271,2025-01-30,Zepto,Wallet,Hyderabad
87,601,2024-05-28,Instamart,Card,Kolkata
88,215,2024-02-10,Instamart,Wallet,Mumbai
89,444,2025-03-13,Blinkit,Cash,Hyderabad
90,790,2024-04-29,Zepto,Cash,Bangalore
91,512,2025-03-19,Instamart,UPI,Bangalore
92,447,2024-02-21,Instamart,Card,Bangalore
93,986,2024-07-13,Blinkit,UPI,Hyderabad
94,993,2024-05-22,Blinkit,Cash,Hyderabad
95,715,2024-08-20,Instamart,Card,Hyderabad
96,74,2024-11-21,Blinkit,UPI,Kolkata
97,537,2025-03-03,Instamart,UPI,Mumbai
98,101,2024-07-05,Zepto,UPI,Bangalore
99,176,2024-03-24,Blinkit,UPI,Kolkata
100,427,2024-07-08,Zepto,UPI,Bangalore
101,117,2024-06-30,Zepto,Card,Kolkata
102,166,2024-04-17,Zepto,UPI,Hyderabad
103,41,2024-12-09,Instamart,Card,Bangalore
104,429,2024-05-16,Zepto,UPI,Hyderabad
105,344,2024-12-25,Zepto,Cash,Bangalore
106,424,2025-04-24,Zepto,Cash,Delhi
107,366,2024-12-15,Instamart,UPI,Kolkata
108,120,2024-11-27,Zepto,Wallet,Delhi
109,609,2024-02-06,Zepto,Cash,Kolkata
110,657,2024-11-07,Blinkit,Card,Mumbai
111,728,2024-11-21,Instamart,UPI,Bangalore
112,229,2024-03-28,Zepto,Card,Mumbai
113,825,2024-09-30,Blinkit,Wallet,Mumbai
114,130,2025-01-08,Instamart,UPI,Kolkata
115,352,2024-05-05,Instamart,Cash,Delhi
116,889,2024-03-24,Instamart,Card,Hyderabad
117,318,2024-08-24,Instamart,Cash,Kolkata
118,984,2024-07-13,Instamart,Cash,Hyderabad
119,649,2024-05-18,Instamart,UPI,Mumbai
120,836,2025-04-18,Zepto,Card,Hyderabad
121,337,2024-11-23,Zepto,Wallet,Delhi
122,273,2024-12-18,Zepto,Cash,Kolkata
123,117,2024-10-12,Zepto,UPI,Delhi
124,818,2024-04-22,Blinkit,UPI,Delhi
125,368,2024-12-16,Zepto,Wallet,Kolkata
126,94,2024-06-15,Instamart,UPI,Delhi
127,168,2025-03-07,Zepto,Cash,Bangalore
128,954,2025-01-28,Zepto,UPI,Bangalore
129,715,2025-02-01,Instamart,Card,Bangalore
130,341,2024-01-29,Zepto,Card,Hyderabad
131,661,2024-04-27,Zepto,Cash,Delhi
132,914,2025-02-24,Zepto,Card,Kolkata
133,695,2024-01-17,Blinkit,Wallet,Kolkata
134,925,2025-02-16,Zepto,UPI,Hyderabad
135,152,2024-06-10,Instamart,Cash,Kolkata
136,586,2024-07-24,Instamart,Wallet,Bangalore
137,877,2024-05-17,Zepto,UPI,Delhi
138,913,2024-02-03,Zepto,Wallet,Kolkata
139,274,2024-04-18,Zepto,Cash,Kolkata
140,554,2025-04-12,Instamart,Cash,Mumbai
141,496,2025-04-27,Instamart,Wallet,Mumbai
142,724,2024-10-17,Blinkit,UPI,Mumbai
143,101,2025-03-24,Blinkit,Card,Delhi
144,557,2025-01-02,Blinkit,Card,Bangalore
145,82,2024-06-10,Instamart,Wallet,Bangalore
146,529,2024-04-18,Blinkit,Cash,Bangalore
147,73,2024-12-01,Zepto,UPI,Delhi
148,14,2024-09-12,Zepto,UPI,Delhi
149,433,2024-07-21,Instamart,Cash,Mumbai
150,157,2025-03-28,Blinkit,Card,Kolkata
151,735,2025-04-13,Zepto,UPI,Hyderabad
152,132,2024-11-25,Instamart,Wallet,Hyderabad
153,338,2024-08-22,Blinkit,Card,Kolkata
154,404,2024-03-14,Zepto,Wallet,Mumbai
155,376,2024-05-15,Blinkit,Card,Kolkata
156,888,2024-03-12,Instamart,Cash,Kolkata
157,559,2024-05-06,Blinkit,Wallet,Hyderabad
158,107,2025-01-16,Instamart,Wallet,Mumbai
159,620,2024-10-14,Blinkit,Cash,Delhi
160,265,2024-10-02,Zepto,Wallet,Hyderabad
161,205,2024-05-14,Instamart,Card,Delhi
162,79,2025-01-17,Instamart,UPI,Mumbai
163,155,2024-10-26,Instamart,UPI,Kolkata
164,783,2024-08-07,Blinkit,Cash,Bangalore
165,988,2025-04-04,Blinkit,Card,Bangalore
166,997,2024-10-25,Zepto,Wallet,Mumbai
167,247,2024-07-23,Instamart,Wallet,Bangalore
168,531,2024-07-04,Instamart,UPI,Delhi
169,858,2024-04-22,Blinkit,Wallet,Bangalore
170,948,2024-03-11,Blinkit,UPI,Mumbai
171,538,2024-09-17,Zepto,Cash,Mumbai
172,729,2024-09-09,Zepto,Wallet,Delhi
173,154,2024-02-16,Blinkit,Card,Bangalore
174,154,2025-01-21,Instamart,Wallet,Bangalore
175,686,2024-01-25,Zepto,UPI,Kolkata
176,92,2025-03-16,Blinkit,Cash,Hyderabad
177,433,2024-02-26,Blinkit,UPI,Mumbai
178,338,2024-03-19,Instamart,Wallet,Kolkata
179,480,2024-11-17,Blinkit,UPI,Mumbai
180,693,2024-03-22,Blinkit,UPI,Kolkata
181,131,2025-02-09,Zepto,Cash,Hyderabad
182,450,2024-12-14,Blinkit,Card,Kolkata
183,993,2024-08-04,Blinkit,Wallet,Mumbai
184,810,2024-11-01,Zepto,Cash,Bangalore
185,787,2024-02-02,Instamart,Card,Mumbai
186,273,2024-07-16,Instamart,UPI,Delhi
187,929,2024-07-14,Zepto,Card,Delhi
188,588,2024-11-01,Zepto,UPI,Delhi
189,177,2024-08-27,Instamart,UPI,Delhi
190,696,2024-09-27,Instamart,Cash,Hyderabad
191,831,2024-05-08,Instamart,UPI,Bangalore
192,643,2025-05-12,Instamart,Cash,Bangalore
193,875,2024-10-10,Instamart,Card,Mumbai
194,49,2025-03-16,Zepto,Card,Kolkata
195,567,2025-04-27,Blinkit,UPI,Mumbai
196,666,2024-01-06,Instamart,Cash,Mumbai
197,355,2024-12-14,Instamart,UPI,Mumbai
198,712,2025-01-04,Blinkit,Cash,Mumbai
199,308,2024-02-28,Blinkit,Cash,Bangalore
200,868,2024-12-15,Blinkit,Cash,Kolkata
201,885,2025-03-29,Blinkit,Card,Mumbai
202,630,2024-10-01,Blinkit,Cash,Bangalore
203,775,2025-01-19,Blinkit,Card,Mumbai
204,46,2024-05-16,Zepto,Cash,Delhi
205,302,2025-01-28,Blinkit,Card,Mumbai
206,868,2024-11-24,Blinkit,Wallet,Mumbai
207,912,2024-06-23,Zepto,Card,Hyderabad
208,408,2024-02-27,Blinkit,Card,Delhi
209,189,2024-05-30,Instamart,UPI,Kolkata
210,822,2024-08-10,Instamart,Cash,Mumbai
211,830,2024-03-21,Blinkit,Wallet,Kolkata
212,129,2024-08-20,Zepto,UPI,Delhi
213,561,2024-01-02,Instamart,Cash,Mumbai
214,537,2025-05-03,Zepto,Wallet,Hyderabad
215,266,2025-01-04,Instamart,Wallet,Bangalore
216,118,2025-03-24,Blinkit,Wallet,Hyderabad
217,464,2025-01-03,Zepto,Cash,Hyderabad
218,144,2024-05-14,Zepto,Wallet,Bangalore
219,442,2025-05-12,Zepto,Wallet,Bangalore
220,200,2024-09-13,Instamart,UPI,Bangalore
221,157,2025-01-25,Instamart,Card,Mumbai
222,487,2024-04-01,Instamart,Cash,Kolkata
223,860,2024-09-16,Blinkit,Card,Kolkata
224,134,2025-04-12,Instamart,UPI,Bangalore
225,912,2024-02-24,Blinkit,Card,Hyderabad
226,148,2025-03-21,Zepto,Wallet,Delhi
227,336,2024-11-16,Zepto,Wallet,Bangalore
228,71,2024-06-01,Blinkit,Cash,Hyderabad
229,233,2025-03-06,Instamart,Cash,Hyderabad
230,334,2024-11-23,Blinkit,Cash,Mumbai
231,811,2024-09-16,Zepto,UPI,Mumbai
232,666,2024-11-07,Zepto,Cash,Kolkata
233,90,2024-04-11,Blinkit,UPI,Kolkata
234,334,2024-03-19,Instamart,Wallet,Delhi
235,199,2024-07-10,Instamart,Card,Delhi
236,161,2025-01-25,Blinkit,Wallet,Delhi
237,538,2024-03-23,Blinkit,Wallet,Delhi
238,121,2024-10-03,Instamart,Wallet,Hyderabad
239,301,2025-05-03,Zepto,Cash,Hyderabad
240,724,2025-02-02,Blinkit,Cash,Kolkata
241,575,2025-04-17,Instamart,Cash,Mumbai
242,963,2024-09-28,Instamart,Card,Mumbai
243,436,2025-04-15,Zepto,Cash,Bangalore
244,68,2024-01-01,Zepto,UPI,Hyderabad
245,765,2024-11-02,Zepto,Wallet,Delhi
246,922,2024-06-14,Zepto,Card,Delhi
247,459,2024-09-07,Zepto,Card,Bangalore
248,514,2024-01-10,Blinkit,Card,Mumbai
249,398,2024-02-27,Instamart,Card,Delhi
250,620,2025-04-20,Blinkit,Card,Mumbai
251,286,2024-07-04,Blinkit,UPI,Bangalore
252,561,2025-03-25,Blinkit,Wallet,Mumbai
253,140,2025-03-01,Blinkit,Card,Mumbai
254,730,2025-02-17,Blinkit,Wallet,Mumbai
255,556,2024-06-06,Zepto,Cash,Delhi
256,929,2024-05-02,Zepto,Card,Kolkata
257,781,2024-01-30,Instamart,Card,Hyderabad
258,590,2024-05-03,Blinkit,Wallet,Mumbai
259,728,2025-03-25,Instamart,Card,Mumbai
260,894,2024-10-17,Zepto,Card,Mumbai
261,610,2025-04-29,Zepto,Card,Kolkata
262,748,2024-02-10,Zepto,UPI,Bangalore
263,282,2024-02-13,Blinkit,UPI,Delhi
264,661,2025-01-09,Blinkit,Card,Kolkata
265,924,2024-09-05,Zepto,UPI,Mumbai
266,816,2025-02-21,Instamart,Cash,Kolkata
267,996,2024-02-05,Instamart,Card,Kolkata
268,936,2025-05-15,Zepto,Cash,Kolkata
269,578,2025-01-24,Instamart,Wallet,Bangalore
270,746,2024-09-29,Zepto,Cash,Hyderabad
271,457,2025-01-27,Instamart,Wallet,Delhi
272,87,2024-03-05,Zepto,Card,Bangalore
273,79,2024-03-06,Instamart,Wallet,Bangalore
274,205,2024-12-03,Blinkit,Wallet,Hyderabad
275,791,2024-08-31,Zepto,Cash,Bangalore
276,337,2025-04-29,Zepto,Cash,Kolkata
277,254,2024-10-08,Instamart,Cash,Kolkata
278,304,2024-03-25,Zepto,Card,Mumbai
279,380,2024-05-15,Zepto,Card,Bangalore
280,130,2024-09-27,Zepto,Cash,Mumbai
281,596,2025-03-22,Blinkit,Card,Delhi
282,276,2024-11-06,Blinkit,Card,Kolkata
283,699,2024-08-04,Instamart,Wallet,Delhi
284,558,2025-05-08,Blinkit,Wallet,Hyderabad
285,899,2024-04-18,Instamart,Cash,Kolkata
286,183,2025-04-20,Blinkit,Card,Delhi
287,268,2024-10-03,Instamart,Wallet,Hyderabad
288,808,2025-01-21,Blinkit,UPI,Delhi
289,322,2025-01-08,Blinkit,Card,Hyderabad
290,512,2024-12-19,Instamart,UPI,Hyderabad
291,612,2024-04-12,Zepto,Cash,Kolkata
292,78,2024-12-31,Zepto,Card,Mumbai
293,784,2024-06-08,Blinkit,Cash,Hyderabad
294,339,2024-07-23,Instamart,Cash,Hyderabad
295,674,2024-12-09,Zepto,Cash,Kolkata
296,556,2024-11-28,Instamart,Cash,Mumbai
297,509,2024-07-10,Zepto,Cash,Bangalore
298,238,2024-08-12,Instamart,Card,Bangalore
299,134,2025-04-05,Blinkit,UPI,Mumbai
300,973,2024-09-21,Instamart,Card,Delhi
301,192,2024-08-19,Zepto,Card,Kolkata
302,356,2024-03-02,Blinkit,Card,Mumbai
303,278,2024-05-06,Instamart,Wallet,Bangalore
304,18,2024-04-25,Zepto,Wallet,Hyderabad
305,524,2024-02-02,Blinkit,Card,Bangalore
306,180,2024-06-22,Instamart,UPI,Hyderabad
307,123,2024-01-11,Zepto,Card,Kolkata
308,246,2024-10-28,Instamart,Cash,Hyderabad
309,734,2024-10-10,Instamart,Wallet,Mumbai
310,373,2024-04-27,Blinkit,Wallet,Hyderabad
311,51,2024-10-28,Blinkit,Card,Delhi
312,1000,2024-04-22,Zepto,Card,Mumbai
313,71,2024-01-04,Blinkit,UPI,Kolkata
314,480,2024-02-06,Zepto,UPI,Mumbai
315,560,2024-12-28,Instamart,Cash,Delhi
316,19,2024-11-19,Instamart,Card,Kolkata
317,774,2024-01-31,Zepto,Card,Bangalore
318,84,2024-04-27,Instamart,Card,Delhi
319,155,2024-02-04,Blinkit,Wallet,Kolkata
320,565,2025-04-08,Instamart,Cash,Hyderabad
321,619,2024-01-17,Blinkit,UPI,Mumbai
322,357,2025-03-16,Zepto,Wallet,Kolkata
323,816,2024-06-18,Zepto,Wallet,Mumbai
324,647,2024-02-06,Instamart,Wallet,Hyderabad
325,443,2024-09-20,Instamart,Wallet,Kolkata
326,69,2024-05-01,Blinkit,Cash,Bangalore
327,523,2024-05-22,Blinkit,Card,Delhi
328,143,2024-12-08,Instamart,UPI,Kolkata
329,192,2024-09-05,Instamart,UPI,Hyderabad
330,387,2024-04-19,Zepto,Wallet,Kolkata
331,378,2024-10-03,Zepto,Wallet,Mumbai
332,581,2024-03-08,Zepto,Cash,Kolkata
333,535,2025-01-05,Instamart,Wallet,Bangalore
334,693,2025-04-23,Instamart,UPI,Kolkata
335,293,2025-03-27,Instamart,UPI,Delhi
336,9,2024-10-19,Zepto,Card,Kolkata
337,271,2024-10-22,Instamart,Card,Mumbai
338,387,2024-08-30,Blinkit,UPI,Kolkata
339,93,2024-05-04,Instamart,UPI,Bangalore
340,966,2025-02-05,Instamart,Cash,Hyderabad
341,529,2024-08-30,Instamart,Cash,Kolkata
342,154,2025-02-17,Instamart,UPI,Kolkata
343,405,2024-07-27,Instamart,Wallet,Delhi
344,840,2024-04-07,Blinkit,Card,Bangalore
345,149,2024-02-18,Blinkit,UPI,Hyderabad
346,889,2024-02-19,Instamart,Wallet,Mumbai
347,267,2024-12-03,Zepto,UPI,Kolkata
348,422,2024-08-08,Instamart,Card,Hyderabad
349,840,2024-06-30,Instamart,Card,Mumbai
350,618,2024-08-04,Instamart,Cash,Bangalore
351,472,2024-07-29,Zepto,Cash,Bangalore
352,893,2024-08-27,Zepto,Cash,Hyderabad
353,547,2025-03-18,Zepto,Cash,Mumbai
354,631,2025-01-08,Blinkit,Card,Bangalore
355,526,2024-01-28,Zepto,Wallet,Hyderabad
356,503,2024-12-10,Blinkit,Wallet,Bangalore
357,14,2024-11-30,Blinkit,Wallet,Bangalore
358,778,2024-11-26,Zepto,UPI,Bangalore
359,652,2024-02-20,Zepto,Cash,Delhi
360,806,2024-02-01,Zepto,Cash,Mumbai
361,364,2024-07-25,Blinkit,Card,Hyderabad
362,119,2025-01-07,Instamart,Card,Hyderabad
363,238,2024-06-22,Zepto,UPI,Mumbai
364,546,2025-02-13,Zepto,UPI,Mumbai
365,169,2025-03-17,Zepto,Wallet,Mumbai
366,522,2024-02-25,Blinkit,Card,Mumbai
367,634,2024-05-07,Blinkit,Cash,Kolkata
368,913,2024-04-08,Instamart,Wallet,Hyderabad
369,657,2024-04-07,Zepto,Cash,Kolkata
370,963,2024-10-01,Blinkit,Wallet,Bangalore
371,958,2024-08-17,Instamart,Cash,Bangalore
372,735,2024-03-12,Zepto,UPI,Hyderabad
373,883,2024-08-04,Blinkit,Wallet,Bangalore
374,769,2024-04-03,Zepto,Cash,Mumbai
375,780,2024-05-22,Zepto,Cash,Kolkata
376,871,2024-08-24,Blinkit,Card,Mumbai
377,516,2024-05-07,Blinkit,Wallet,Bangalore
378,938,2025-03-23,Blinkit,Cash,Kolkata
379,397,2025-04-17,Zepto,Card,Mumbai
380,866,2024-02-08,Zepto,Cash,Hyderabad
381,106,2024-08-14,Instamart,Wallet,Mumbai
382,85,2025-02-17,Zepto,UPI,Bangalore
383,214,2025-03-17,Blinkit,Wallet,Kolkata
384,121,2025-03-14,Zepto,Wallet,Hyderabad
385,132,2024-10-08,Instamart,Cash,Kolkata
386,850,2024-02-20,Instamart,Cash,Hyderabad
387,197,2024-01-26,Blinkit,Wallet,Kolkata
388,19,2024-11-29,Blinkit,Card,Bangalore
389,642,2024-10-03,Instamart,Card,Hyderabad
390,12,2025-03-04,Instamart,Card,Delhi
391,81,2024-01-08,Instamart,Cash,Kolkata
392,330,2025-05-11,Blinkit,Cash,Kolkata
393,866,2024-02-17,Instamart,Wallet,Mumbai
394,774,2025-04-19,Instamart,UPI,Hyderabad
395,392,2025-01-20,Blinkit,Cash,Delhi
396,637,2025-03-10,Zepto,Wallet,Bangalore
397,307,2024-05-01,Zepto,Wallet,Mumbai
398,267,2024-03-26,Instamart,UPI,Delhi
399,447,2024-07-27,Zepto,Card,Hyderabad
400,441,2024-09-05,Zepto,Wallet,Delhi
401,895,2024-09-03,Zepto,Wallet,Kolkata
402,652,2024-04-19,Zepto,Wallet,Kolkata
403,841,2025-03-18,Instamart,Card,Mumbai
404,2,2024-07-24,Zepto,Card,Hyderabad
405,520,2025-04-07,Zepto,UPI,Hyderabad
406,762,2024-01-31,Blinkit,Cash,Delhi
407,651,2024-03-25,Instamart,Card,Mumbai
408,636,2024-07-13,Blinkit,Cash,Hyderabad
409,309,2024-01-02,Blinkit,Cash,Kolkata
410,740,2024-07-18,Instamart,Card,Delhi
411,522,2024-05-15,Zepto,Wallet,Bangalore
412,469,2025-04-19,Blinkit,UPI,Kolkata
413,212,2025-02-05,Instamart,Cash,Mumbai
414,112,2025-02-05,Zepto,Wallet,Hyderabad
415,8,2024-08-20,Instamart,Card,Kolkata
416,804,2024-05-26,Blinkit,Cash,Bangalore
417,477,2024-08-04,Zepto,Cash,Bangalore
418,874,2024-12-22,Zepto,Cash,Mumbai
419,460,2025-05-05,Instamart,Wallet,Kolkata
420,253,2025-01-09,Zepto,Wallet,Delhi
421,526,2025-02-05,Blinkit,Wallet,Kolkata
422,752,2024-10-11,Blinkit,Cash,Bangalore
423,438,2024-12-04,Blinkit,Cash,Mumbai
424,754,2025-01-02,Instamart,UPI,Mumbai
425,981,2024-09-06,Zepto,UPI,Delhi
426,854,2024-03-20,Zepto,Wallet,Mumbai
427,661,2024-04-07,Zepto,Wallet,Mumbai
428,236,2024-05-31,Blinkit,Card,Mumbai
429,306,2024-04-21,Zepto,Wallet,Mumbai
430,478,2025-05-10,Blinkit,UPI,Mumbai
431,679,2024-01-30,Zepto,UPI,Bangalore
432,20,2024-10-23,Blinkit,UPI,Kolkata
433,216,2025-01-11,Zepto,Cash,Hyderabad
434,855,2024-10-04,Instamart,Cash,Mumbai
435,135,2024-02-01,Instamart,Wallet,Hyderabad
436,905,2025-01-17,Blinkit,Card,Hyderabad
437,129,2024-06-09,Blinkit,Card,Bangalore
438,410,2024-01-30,Zepto,Card,Mumbai
439,422,2024-01-26,Zepto,Cash,Hyderabad
440,294,2024-10-26,Instamart,UPI,Mumbai
441,246,2024-09-01,Zepto,UPI,Delhi
442,701,2024-09-14,Blinkit,Cash,Delhi
443,556,2025-04-15,Blinkit,Card,Delhi
444,86,2025-03-12,Blinkit,Card,Hyderabad
445,556,2024-09-28,Blinkit,Wallet,Delhi
446,842,2024-03-21,Blinkit,Wallet,Bangalore
447,375,2024-01-30,Instamart,Card,Bangalore
448,446,2025-05-06,Instamart,Cash,Hyderabad
449,378,2024-09-17,Blinkit,Card,Mumbai
450,390,2024-02-11,Zepto,Wallet,Kolkata
451,657,2025-03-11,Blinkit,Card,Mumbai
452,51,2024-04-05,Instamart,Cash,Mumbai
453,242,2024-02-05,Blinkit,UPI,Mumbai
454,294,2024-10-31,Instamart,Cash,Mumbai
455,920,2024-02-04,Instamart,Cash,Kolkata
456,563,2024-12-11,Blinkit,Wallet,Delhi
457,266,2025-03-17,Blinkit,Cash,Mumbai
458,120,2024-04-30,Zepto,Cash,Bangalore
459,712,2024-07-25,Instamart,Wallet,Hyderabad
460,917,2024-03-02,Zepto,Wallet,Hyderabad
461,248,2025-04-27,Blinkit,UPI,Bangalore
462,70,2025-03-31,Instamart,Card,Mumbai
463,853,2024-10-18,Zepto,Cash,Kolkata
464,57,2024-05-06,Zepto,Wallet,Delhi
465,382,2024-10-23,Zepto,UPI,Hyderabad
466,39,2024-10-31,Blinkit,Card,Delhi
467,984,2024-01-21,Blinkit,Wallet,Kolkata
468,801,2024-11-13,Blinkit,Card,Hyderabad
469,443,2024-02-11,Instamart,Card,Delhi
470,18,2024-08-02,Blinkit,Cash,Kolkata
471,952,2024-12-02,Instamart,Cash,Delhi
472,732,2024-10-25,Zepto,Wallet,Mumbai
473,825,2024-10-16,Zepto,Card,Kolkata
474,756,2024-09-24,Blinkit,Wallet,Delhi
475,352,2024-06-10,Zepto,Wallet,Mumbai
476,972,2025-04-23,Blinkit,Card,Mumbai
477,816,2024-05-13,Instamart,Wallet,Kolkata
478,298,2024-04-14,Zepto,Card,Bangalore
479,283,2024-12-08,Blinkit,Card,Hyderabad
480,586,2025-01-01,Zepto,Card,Kolkata
481,110,2024-06-09,Zepto,Card,Mumbai
482,180,2024-05-02,Blinkit,UPI,Mumbai
483,938,2024-05-15,Zepto,Card,Kolkata
484,544,2024-07-21,Zepto,Cash,Bangalore
485,746,2024-03-08,Zepto,Cash,Hyderabad
486,794,2024-12-09,Zepto,Cash,Delhi
487,25,2024-11-26,Instamart,Card,Kolkata
488,843,2024-06-02,Zepto,Cash,Hyderabad
489,791,2024-08-22,Zepto,UPI,Hyderabad
490,738,2024-06-10,Blinkit,Wallet,Mumbai
491,57,2025-04-20,Instamart,Card,Delhi
492,180,2025-01-19,Blinkit,Cash,Kolkata
493,232,2025-04-24,Blinkit,UPI,Mumbai
494,894,2024-02-07,Blinkit,Wallet,Mumbai
495,343,2024-01-05,Instamart,UPI,Bangalore
496,477,2024-08-22,Blinkit,Cash,Hyderabad
497,799,2024-11-14,Blinkit,UPI,Kolkata
498,576,2024-10-15,Blinkit,Wallet,Kolkata
499,455,2024-02-21,Zepto,Cash,Kolkata
500,232,2024-02-07,Blinkit,Wallet,Mumbai
501,289,2024-10-02,Instamart,UPI,Bangalore
502,213,2024-04-19,Instamart,Card,Delhi
503,258,2024-09-16,Zepto,Card,Mumbai
504,530,2024-05-15,Instamart,Card,Delhi
505,687,2024-03-08,Instamart,Card,Bangalore
506,929,2025-04-22,Zepto,Wallet,Hyderabad
507,229,2024-06-27,Blinkit,Card,Kolkata
508,226,2025-03-27,Zepto,Wallet,Delhi
509,596,2024-02-05,Blinkit,Cash,Mumbai
510,803,2025-03-26,Blinkit,Card,Delhi
511,435,2024-05-05,Instamart,Wallet,Hyderabad
512,882,2024-07-08,Zepto,Card,Kolkata
513,758,2024-05-25,Instamart,Card,Delhi
514,402,2024-03-21,Instamart,Card,Hyderabad
515,622,2024-08-12,Blinkit,Wallet,Mumbai
516,766,2025-03-02,Instamart,UPI,Bangalore
517,88,2024-10-05,Zepto,Card,Mumbai
518,584,2024-12-26,Instamart,Card,Kolkata
519,893,2024-06-03,Instamart,Cash,Mumbai
520,542,2024-11-09,Blinkit,UPI,Mumbai
521,684,2025-02-17,Zepto,Wallet,Mumbai
522,309,2024-11-30,Instamart,Cash,Mumbai
523,906,2024-09-27,Blinkit,Card,Kolkata
524,343,2024-01-05,Instamart,Cash,Hyderabad
525,436,2024-12-07,Zepto,Cash,Delhi
526,177,2025-02-22,Instamart,Card,Bangalore
527,139,2024-10-10,Instamart,UPI,Delhi
528,194,2024-06-02,Blinkit,UPI,Delhi
529,186,2025-04-22,Instamart,Cash,Bangalore
530,218,2024-12-05,Blinkit,Card,Kolkata
531,164,2024-02-23,Zepto,Wallet,Bangalore
532,161,2025-04-25,Instamart,Cash,Kolkata
533,943,2025-03-25,Zepto,Wallet,Delhi
534,525,2024-03-09,Zepto,Cash,Kolkata
535,808,2024-05-15,Instamart,Cash,Hyderabad
536,601,2024-02-29,Blinkit,Card,Bangalore
537,836,2025-03-31,Zepto,Card,Hyderabad
538,42,2024-02-24,Zepto,Wallet,Delhi
539,915,2025-01-15,Instamart,Wallet,Bangalore
540,210,2024-10-10,Instamart,UPI,Delhi
541,741,2024-03-20,Instamart,Card,Hyderabad
542,862,2024-05-19,Instamart,Cash,Delhi
543,275,2024-05-24,Instamart,Cash,Bangalore
544,954,2024-11-05,Instamart,UPI,Bangalore
545,279,2024-04-17,Blinkit,Card,Delhi
546,251,2025-01-02,Zepto,Cash,Bangalore
547,310,2024-06-24,Blinkit,UPI,Bangalore
548,720,2024-04-14,Blinkit,UPI,Delhi
549,833,2024-12-17,Instamart,Cash,Hyderabad
550,140,2024-11-20,Zepto,Cash,Bangalore
551,792,2025-03-12,Blinkit,Wallet,Bangalore
552,546,2024-05-15,Instamart,Card,Bangalore
553,821,2024-09-15,Instamart,Wallet,Bangalore
554,904,2024-09-07,Zepto,UPI,Delhi
555,530,2024-05-08,Blinkit,Cash,Hyderabad
556,57,2025-04-08,Blinkit,Wallet,Hyderabad
557,112,2025-04-09,Blinkit,UPI,Kolkata
558,5,2025-03-09,Instamart,Card,Bangalore
559,410,2024-01-27,Zepto,Cash,Bangalore
560,414,2024-02-17,Zepto,Wallet,Kolkata
561,182,2024-11-20,Blinkit,Card,Hyderabad
562,13,2024-08-04,Instamart,Wallet,Mumbai
563,339,2025-02-28,Blinkit,UPI,Mumbai
564,797,2024-05-21,Zepto,Card,Hyderabad
565,259,2024-01-23,Instamart,Wallet,Bangalore
566,90,2024-01-02,Blinkit,Card,Mumbai
567,616,2024-06-19,Blinkit,UPI,Delhi
568,891,2025-01-29,Instamart,Card,Delhi
569,698,2024-03-07,Zepto,Wallet,Kolkata
570,250,2024-11-22,Instamart,UPI,Hyderabad
571,255,2024-05-14,Blinkit,Cash,Hyderabad
572,588,2024-03-23,Blinkit,Wallet,Mumbai
573,898,2025-01-14,Blinkit,Wallet,Bangalore
574,971,2024-08-14,Blinkit,UPI,Hyderabad
575,108,2024-10-09,Zepto,UPI,Mumbai
576,668,2024-12-27,Zepto,Cash,Mumbai
577,594,2024-08-06,Blinkit,Wallet,Hyderabad
578,589,2024-10-14,Zepto,UPI,Mumbai
579,485,2024-01-05,Zepto,Cash,Kolkata
580,982,2024-02-27,Zepto,Cash,Kolkata
581,972,2024-02-08,Blinkit,UPI,Hyderabad
582,258,2025-04-28,Instamart,Wallet,Bangalore
583,639,2025-03-28,Instamart,Card,Kolkata
584,997,2024-12-19,Instamart,Card,Kolkata
585,903,2025-04-07,Blinkit,Cash,Hyderabad
586,282,2024-03-17,Zepto,Card,Delhi
587,986,2024-10-06,Zepto,Card,Mumbai
588,88,2024-01-19,Blinkit,UPI,Kolkata
589,204,2025-03-03,Blinkit,Cash,Delhi
590,16,2024-07-08,Instamart,Wallet,Bangalore
591,151,2024-10-25,Instamart,Cash,Delhi
592,936,2024-10-09,Blinkit,UPI,Hyderabad
593,254,2024-03-16,Instamart,Card,Bangalore
594,188,2024-08-08,Zepto,Wallet,Bangalore
595,329,2024-03-06,Blinkit,Cash,Delhi
596,544,2024-01-22,Blinkit,Card,Hyderabad
597,783,2024-06-06,Zepto,Cash,Kolkata
598,997,2024-07-05,Zepto,Wallet,Delhi
599,397,2025-04-05,Zepto,Cash,Kolkata
600,517,2025-04-22,Instamart,Cash,Delhi
601,459,2025-02-11,Blinkit,Cash,Kolkata
602,330,2025-05-12,Instamart,Card,Delhi
603,820,2025-03-16,Zepto,Wallet,Bangalore
604,845,2024-01-21,Instamart,Wallet,Mumbai
605,169,2025-04-05,Zepto,Card,Bangalore
606,693,2024-07-02,Instamart,Card,Kolkata
607,366,2024-04-17,Instamart,Card,Hyderabad
608,178,2024-12-15,Zepto,UPI,Bangalore
609,655,2024-05-07,Instamart,Cash,Mumbai
610,362,2024-12-07,Blinkit,Cash,Kolkata
611,760,2024-02-22,Instamart,Wallet,Bangalore
612,639,2024-06-30,Instamart,Cash,Delhi
613,775,2025-02-03,Blinkit,UPI,Hyderabad
614,40,2024-10-13,Zepto,Card,Kolkata
615,924,2025-03-28,Blinkit,Wallet,Bangalore
616,416,2025-03-23,Instamart,Wallet,Kolkata
617,355,2024-07-27,Zepto,Cash,Delhi
618,255,2025-05-13,Instamart,Wallet,Mumbai
619,143,2024-11-13,Instamart,Card,Bangalore
620,752,2025-01-18,Blinkit,Wallet,Kolkata
621,740,2024-03-20,Blinkit,Card,Kolkata
622,853,2025-04-18,Zepto,UPI,Kolkata
623,710,2025-04-21,Zepto,UPI,Mumbai
624,577,2024-05-01,Zepto,Card,Kolkata
625,900,2025-03-18,Instamart,Cash,Hyderabad
626,11,2024-03-24,Blinkit,Wallet,Hyderabad
627,620,2025-05-14,Blinkit,Cash,Kolkata
628,26,2025-02-13,Blinkit,Wallet,Hyderabad
629,957,2025-02-19,Zepto,UPI,Bangalore
630,421,2024-03-31,Blinkit,UPI,Hyderabad
631,663,2025-03-27,Blinkit,UPI,Kolkata
632,221,2024-07-30,Blinkit,Wallet,Delhi
633,853,2024-01-13,Zepto,UPI,Bangalore
634,496,2024-04-01,Blinkit,UPI,Mumbai
635,237,2025-01-12,Zepto,UPI,Kolkata
636,237,2025-04-18,Blinkit,UPI,Mumbai
637,219,2024-06-19,Blinkit,Cash,Delhi
638,487,2025-02-04,Blinkit,UPI,Mumbai
639,936,2025-04-21,Zepto,UPI,Kolkata
640,461,2024-07-29,Zepto,Cash,Kolkata
641,663,2025-02-14,Blinkit,Cash,Delhi
642,635,2024-12-08,Instamart,Wallet,Kolkata
643,144,2025-03-18,Zepto,Card,Delhi
644,990,2025-01-11,Zepto,UPI,Delhi
645,189,2025-02-19,Blinkit,UPI,Kolkata
646,255,2024-05-07,Instamart,UPI,Hyderabad
647,68,2024-05-16,Blinkit,Wallet,Delhi
648,616,2024-03-22,Zepto,UPI,Kolkata
649,336,2025-02-07,Zepto,Card,Hyderabad
650,671,2024-12-25,Blinkit,Cash,Delhi
651,821,2024-02-25,Blinkit,Wallet,Hyderabad
652,874,2024-07-14,Instamart,Cash,Bangalore
653,409,2025-03-22,Instamart,UPI,Bangalore
654,300,2024-01-20,Zepto,UPI,Hyderabad
655,908,2025-03-15,Instamart,UPI,Delhi
656,602,2024-08-28,Instamart,Card,Kolkata
657,357,2024-04-23,Zepto,Card,Mumbai
658,256,2024-04-12,Zepto,Wallet,Kolkata
659,353,2025-02-22,Zepto,Cash,Mumbai
660,732,2025-04-15,Zepto,UPI,Mumbai
661,521,2024-08-23,Blinkit,UPI,Delhi
662,524,2024-06-28,Zepto,UPI,Hyderabad
663,837,2024-06-05,Zepto,UPI,Kolkata
664,950,2025-02-24,Zepto,Card,Hyderabad
665,756,2025-02-11,Instamart,Cash,Bangalore
666,694,2025-03-22,Zepto,Cash,Delhi
667,284,2024-04-26,Blinkit,Wallet,Delhi
668,312,2024-04-24,Blinkit,Card,Bangalore
669,99,2024-01-13,Zepto,UPI,Kolkata
670,197,2024-12-03,Blinkit,Cash,Bangalore
671,482,2024-04-08,Instamart,Cash,Kolkata
672,878,2024-07-23,Zepto,Card,Mumbai
673,226,2024-06-17,Blinkit,Wallet,Delhi
674,845,2024-05-22,Blinkit,Wallet,Kolkata
675,615,2025-03-18,Zepto,UPI,Hyderabad
676,618,2024-02-05,Blinkit,Wallet,Hyderabad
677,365,2025-05-10,Zepto,Cash,Delhi
678,368,2025-01-30,Blinkit,Wallet,Bangalore
679,570,2024-05-22,Instamart,UPI,Bangalore
680,590,2024-06-28,Blinkit,Cash,Kolkata
681,75,2024-11-24,Blinkit,Wallet,Bangalore
682,42,2024-09-17,Zepto,Wallet,Delhi
683,422,2024-07-23,Blinkit,Card,Kolkata
684,836,2024-12-13,Zepto,UPI,Mumbai
685,181,2025-03-07,Instamart,Wallet,Bangalore
686,545,2024-10-01,Zepto,Card,Bangalore
687,71,2024-06-18,Zepto,Cash,Kolkata
688,568,2025-04-25,Blinkit,Card,Hyderabad
689,105,2024-01-15,Instamart,Card,Bangalore
690,200,2024-02-29,Zepto,Wallet,Delhi
691,101,2025-03-25,Blinkit,Wallet,Bangalore
692,768,2025-05-11,Blinkit,Wallet,Mumbai
693,307,2024-05-13,Zepto,Card,Bangalore
694,586,2024-04-01,Blinkit,Cash,Hyderabad
695,683,2024-10-24,Zepto,UPI,Bangalore
696,377,2025-05-07,Zepto,Card,Kolkata
697,655,2024-05-15,Zepto,Wallet,Bangalore
698,678,2024-01-20,Instamart,UPI,Hyderabad
699,399,2024-02-25,Zepto,Cash,Kolkata
700,773,2024-11-01,Blinkit,UPI,Delhi
701,221,2024-08-10,Instamart,Wallet,Kolkata
702,595,2024-06-25,Blinkit,Card,Mumbai
703,182,2025-01-08,Instamart,Card,Kolkata
704,307,2025-02-06,Instamart,Wallet,Delhi
705,522,2024-06-09,Instamart,Card,Bangalore
706,396,2024-08-11,Instamart,Wallet,Kolkata
707,4,2024-11-06,Blinkit,Card,Kolkata
708,863,2024-09-18,Zepto,Card,Kolkata
709,914,2024-02-29,Blinkit,Card,Kolkata
710,848,2024-07-16,Zepto,Cash,Delhi
711,1000,2025-04-05,Blinkit,Cash,Hyderabad
712,804,2024-10-22,Instamart,Wallet,Hyderabad
713,281,2024-04-07,Instamart,Cash,Kolkata
714,215,2024-05-10,Zepto,Wallet,Delhi
715,972,2024-01-23,Zepto,UPI,Delhi
716,610,2024-12-28,Blinkit,UPI,Kolkata
717,420,2024-08-11,Zepto,Cash,Mumbai
718,101,2024-01-01,Blinkit,UPI,Kolkata
719,963,2024-09-23,Zepto,UPI,Mumbai
720,521,2025-04-18,Zepto,Card,Kolkata
721,573,2025-02-16,Zepto,Card,Mumbai
722,309,2024-10-02,Instamart,Wallet,Mumbai
723,658,2024-12-17,Instamart,UPI,Kolkata
724,939,2025-01-03,Blinkit,Wallet,Mumbai
725,931,2025-04-26,Zepto,Wallet,Bangalore
726,510,2025-01-14,Blinkit,UPI,Hyderabad
727,63,2025-01-12,Zepto,Cash,Delhi
728,633,2024-12-09,Instamart,UPI,Mumbai
729,226,2024-04-10,Instamart,Card,Mumbai
730,105,2024-07-05,Zepto,UPI,Delhi
731,974,2024-08-08,Zepto,Cash,Mumbai
732,772,2024-02-05,Instamart,Wallet,Delhi
733,861,2025-04-30,Instamart,Wallet,Kolkata
734,425,2024-12-06,Blinkit,Card,Bangalore
735,255,2025-04-16,Instamart,Card,Bangalore
736,429,2024-06-18,Zepto,Card,Hyderabad
737,434,2024-11-15,Blinkit,Wallet,Mumbai
738,207,2024-06-09,Zepto,Card,Hyderabad
739,28,2024-12-05,Blinkit,UPI,Kolkata
740,682,2025-03-10,Zepto,Wallet,Bangalore
741,336,2024-03-04,Instamart,Cash,Kolkata
742,588,2025-01-03,Zepto,Wallet,Kolkata
743,628,2025-04-05,Blinkit,UPI,Mumbai
744,69,2024-06-02,Zepto,UPI,Kolkata
745,866,2024-09-16,Blinkit,Card,Bangalore
746,746,2024-06-07,Zepto,Wallet,Hyderabad
747,513,2024-12-07,Instamart,Wallet,Bangalore
748,167,2024-07-28,Instamart,Wallet,Mumbai
749,864,2024-06-16,Zepto,Cash,Bangalore
750,730,2024-07-25,Zepto,Card,Delhi
751,785,2024-12-22,Zepto,UPI,Hyderabad
752,368,2024-05-31,Blinkit,UPI,Delhi
753,251,2024-10-10,Zepto,Card,Delhi
754,859,2024-03-06,Zepto,UPI,Mumbai
755,856,2024-04-08,Blinkit,UPI,Kolkata
756,931,2024-08-03,Instamart,Card,Delhi
757,686,2024-12-06,Zepto,UPI,Bangalore
758,170,2025-04-26,Zepto,Wallet,Kolkata
759,758,2024-07-13,Instamart,Cash,Bangalore
760,935,2024-12-12,Instamart,Card,Bangalore
761,90,2025-01-18,Blinkit,Cash,Kolkata
762,561,2025-04-07,Zepto,UPI,Kolkata
763,446,2024-03-30,Zepto,UPI,Bangalore
764,294,2024-11-11,Blinkit,Wallet,Mumbai
765,919,2024-10-18,Instamart,Card,Hyderabad
766,150,2024-06-03,Blinkit,UPI,Hyderabad
767,132,2024-07-26,Instamart,Card,Mumbai
768,433,2024-10-07,Blinkit,Card,Kolkata
769,59,2025-03-02,Instamart,Card,Bangalore
770,969,2024-01-01,Blinkit,Card,Hyderabad
771,836,2024-06-04,Instamart,Card,Bangalore
772,199,2024-05-26,Instamart,Cash,Mumbai
773,215,2024-04-17,Instamart,Wallet,Bangalore
774,898,2024-08-08,Instamart,Card,Mumbai
775,561,2025-02-06,Instamart,Cash,Kolkata
776,472,2024-10-23,Zepto,UPI,Mumbai
777,744,2024-11-06,Instamart,Card,Mumbai
778,247,2024-12-01,Zepto,UPI,Hyderabad
779,382,2024-06-13,Instamart,Card,Bangalore
780,991,2024-08-26,Zepto,Cash,Hyderabad
781,239,2024-08-14,Zepto,Cash,Delhi
782,927,2024-08-14,Blinkit,Cash,Mumbai
783,367,2024-12-11,Instamart,Wallet,Delhi
784,168,2024-04-19,Blinkit,UPI,Hyderabad
785,560,2024-09-18,Blinkit,Wallet,Bangalore
786,51,2024-08-30,Instamart,Card,Hyderabad
787,811,2025-02-10,Blinkit,UPI,Bangalore
788,610,2025-04-06,Instamart,Cash,Bangalore
789,951,2025-05-06,Blinkit,UPI,Kolkata
790,728,2025-02-11,Instamart,Cash,Mumbai
791,689,2025-01-11,Instamart,Wallet,Hyderabad
792,380,2024-03-27,Instamart,Wallet,Bangalore
793,474,2024-12-03,Zepto,Cash,Hyderabad
794,80,2024-02-13,Blinkit,Cash,Hyderabad
795,697,2024-05-25,Zepto,Card,Bangalore
796,367,2024-09-20,Blinkit,Wallet,Delhi
797,461,2024-12-05,Blinkit,Wallet,Mumbai
798,911,2024-11-20,Blinkit,Card,Mumbai
799,539,2024-11-13,Zepto,Wallet,Kolkata
800,452,2024-06-20,Blinkit,Cash,Kolkata
801,464,2024-02-17,Zepto,UPI,Kolkata
802,960,2025-02-23,Instamart,UPI,Mumbai
803,478,2025-05-02,Blinkit,Wallet,Delhi
804,926,2025-01-19,Blinkit,Card,Mumbai
805,420,2024-04-30,Instamart,Cash,Mumbai
806,707,2024-12-10,Instamart,UPI,Mumbai
807,214,2024-06-07,Blinkit,Cash,Mumbai
808,369,2024-04-25,Instamart,Wallet,Delhi
809,854,2025-02-16,Zepto,Wallet,Kolkata
810,114,2024-04-11,Zepto,UPI,Hyderabad
811,754,2024-03-16,Blinkit,Wallet,Kolkata
812,503,2024-01-13,Zepto,Card,Kolkata
813,636,2024-01-24,Zepto,Wallet,Hyderabad
814,817,2024-05-05,Blinkit,Wallet,Mumbai
815,588,2024-08-31,Instamart,Wallet,Delhi
816,311,2024-11-08,Blinkit,Cash,Delhi
817,469,2025-03-11,Zepto,Cash,Kolkata
818,824,2025-01-28,Blinkit,UPI,Hyderabad
819,708,2024-02-07,Blinkit,UPI,Bangalore
820,863,2024-08-21,Zepto,UPI,Mumbai
821,44,2024-07-31,Zepto,Wallet,Kolkata
822,415,2025-03-29,Blinkit,Cash,Delhi
823,698,2024-11-18,Zepto,Card,Hyderabad
824,855,2024-10-21,Zepto,Wallet,Hyderabad
825,246,2024-04-09,Zepto,Wallet,Kolkata
826,949,2025-01-02,Zepto,Wallet,Bangalore
827,84,2024-12-22,Zepto,Card,Delhi
828,207,2024-07-15,Zepto,UPI,Kolkata
829,151,2024-09-10,Instamart,Card,Bangalore
830,668,2024-07-23,Blinkit,UPI,Hyderabad
831,528,2024-05-04,Zepto,Card,Mumbai
832,165,2024-03-16,Blinkit,Cash,Delhi
833,917,2024-12-01,Instamart,Wallet,Delhi
834,975,2024-12-18,Zepto,Wallet,Bangalore
835,145,2024-01-03,Blinkit,Wallet,Kolkata
836,37,2025-04-02,Zepto,UPI,Hyderabad
837,333,2025-01-19,Zepto,Card,Bangalore
838,403,2025-03-16,Zepto,Cash,Mumbai
839,414,2025-01-29,Zepto,Card,Mumbai
840,45,2025-03-29,Zepto,Wallet,Mumbai
841,402,2024-02-24,Zepto,Cash,Bangalore
842,206,2025-02-02,Zepto,Cash,Hyderabad
843,62,2024-08-05,Instamart,Wallet,Delhi
844,420,2024-04-22,Instamart,Card,Kolkata
845,868,2024-03-31,Zepto,Wallet,Delhi
846,468,2025-02-15,Zepto,Card,Hyderabad
847,820,2025-05-05,Instamart,Cash,Delhi
848,19,2024-12-22,Instamart,Cash,Bangalore
849,365,2024-09-22,Instamart,Wallet,Mumbai
850,300,2024-08-25,Zepto,Cash,Hyderabad
851,7,2024-01-26,Blinkit,UPI,Hyderabad
852,761,2024-10-12,Blinkit,Cash,Delhi
853,428,2024-05-07,Blinkit,UPI,Bangalore
854,117,2025-04-14,Blinkit,Cash,Delhi
855,580,2025-03-10,Zepto,Wallet,Delhi
856,507,2024-03-03,Blinkit,Wallet,Hyderabad
857,546,2024-08-21,Instamart,UPI,Delhi
858,706,2024-03-09,Instamart,Wallet,Mumbai
859,325,2025-02-14,Blinkit,Cash,Delhi
860,55,2024-08-25,Instamart,Cash,Mumbai
861,778,2024-12-07,Zepto,Wallet,Hyderabad
862,992,2024-09-28,Blinkit,Cash,Bangalore
863,42,2024-10-13,Blinkit,Card,Mumbai
864,297,2024-10-31,Zepto,Card,Bangalore
865,973,2024-06-11,Instamart,Cash,Bangalore
866,231,2025-05-01,Zepto,Wallet,Mumbai
867,453,2025-01-21,Zepto,UPI,Hyderabad
868,890,2025-04-01,Instamart,Wallet,Kolkata
869,394,2024-08-14,Zepto,UPI,Bangalore
870,522,2024-11-09,Instamart,Wallet,Bangalore
871,358,2025-02-21,Instamart,Cash,Hyderabad
872,987,2025-01-03,Zepto,Card,Hyderabad
873,444,2025-04-01,Instamart,Wallet,Delhi
874,128,2024-09-15,Zepto,UPI,Hyderabad
875,691,2024-08-06,Instamart,Card,Bangalore
876,405,2025-03-01,Blinkit,UPI,Mumbai
877,392,2025-04-09,Instamart,Cash,Kolkata
878,193,2024-10-07,Instamart,Card,Delhi
879,604,2024-08-16,Zepto,UPI,Mumbai
880,881,2025-04-04,Instamart,Wallet,Kolkata
881,743,2024-03-22,Blinkit,Cash,Kolkata
882,78,2025-01-15,Blinkit,Cash,Kolkata
883,85,2025-03-17,Instamart,Cash,Mumbai
884,30,2024-08-31,Instamart,Wallet,Delhi
885,725,2024-08-18,Blinkit,Wallet,Delhi
886,49,2024-05-12,Zepto,Card,Kolkata
887,777,2025-01-19,Blinkit,Wallet,Mumbai
888,145,2024-05-06,Blinkit,Card,Kolkata
889,69,2025-03-06,Instamart,Cash,Hyderabad
890,58,2024-11-22,Instamart,Card,Delhi
891,697,2024-05-21,Blinkit,UPI,Bangalore
892,574,2025-01-27,Zepto,Cash,Kolkata
893,479,2025-02-02,Blinkit,Cash,Hyderabad
894,820,2024-09-23,Blinkit,Card,Delhi
895,445,2024-09-05,Zepto,Cash,Mumbai
896,296,2024-11-16,Blinkit,Wallet,Delhi
897,678,2024-05-02,Blinkit,UPI,Mumbai
898,171,2024-05-20,Instamart,Card,Mumbai
899,575,2024-08-13,Zepto,Card,Kolkata
900,147,2024-02-09,Instamart,Cash,Kolkata
901,484,2024-12-31,Instamart,Wallet,Delhi
902,306,2024-05-26,Zepto,Cash,Hyderabad
903,673,2024-04-30,Zepto,Cash,Delhi
904,653,2024-05-19,Blinkit,Card,Bangalore
905,846,2024-06-20,Instamart,Cash,Mumbai
906,609,2024-06-12,Zepto,UPI,Mumbai
907,446,2025-04-02,Instamart,Cash,Kolkata
908,221,2024-10-03,Instamart,Cash,Hyderabad
909,555,2024-02-11,Zepto,Card,Kolkata
910,945,2024-03-11,Blinkit,Cash,Bangalore
911,804,2024-03-18,Instamart,Wallet,Delhi
912,378,2024-04-28,Zepto,Card,Delhi
913,620,2024-07-15,Blinkit,Cash,Hyderabad
914,266,2024-12-21,Instamart,UPI,Kolkata
915,95,2024-03-19,Zepto,UPI,Kolkata
916,262,2024-12-27,Instamart,Card,Bangalore
917,825,2024-04-19,Zepto,Card,Delhi
918,897,2024-02-02,Zepto,Cash,Kolkata
919,71,2024-07-31,Instamart,Wallet,Hyderabad
920,954,2024-07-27,Instamart,Cash,Delhi
921,219,2024-06-18,Zepto,UPI,Bangalore
922,533,2024-10-04,Blinkit,Wallet,Hyderabad
923,92,2024-08-26,Instamart,Wallet,Mumbai
924,127,2024-07-31,Zepto,Wallet,Bangalore
925,80,2024-02-01,Zepto,Cash,Hyderabad
926,824,2024-04-15,Blinkit,UPI,Kolkata
927,238,2025-03-02,Blinkit,Card,Mumbai
928,983,2024-08-03,Blinkit,Cash,Bangalore
929,372,2024-07-18,Instamart,Card,Kolkata
930,916,2025-04-08,Zepto,Wallet,Mumbai
931,486,2025-01-29,Zepto,Wallet,Delhi
932,694,2024-10-26,Zepto,Cash,Kolkata
933,25,2025-04-29,Blinkit,UPI,Hyderabad
934,156,2024-12-22,Zepto,Wallet,Bangalore
935,517,2024-01-11,Instamart,Card,Mumbai
936,632,2025-03-14,Blinkit,Card,Kolkata
937,789,2025-03-26,Blinkit,Cash,Delhi
938,530,2025-01-26,Blinkit,Card,Bangalore
939,943,2024-10-21,Blinkit,UPI,Bangalore
940,710,2024-07-13,Instamart,Wallet,Kolkata
941,57,2024-09-01,Zepto,Card,Delhi
942,605,2024-01-04,Instamart,Card,Mumbai
943,19,2025-04-27,Zepto,Wallet,Kolkata
944,384,2024-06-29,Instamart,Cash,Mumbai
945,865,2024-06-01,Blinkit,Card,Bangalore
946,193,2025-01-20,Blinkit,Cash,Mumbai
947,237,2024-07-18,Instamart,Cash,Delhi
948,387,2025-03-12,Instamart,Card,Hyderabad
949,426,2025-04-01,Zepto,UPI,Delhi
950,277,2025-05-03,Instamart,Cash,Mumbai
951,227,2025-03-03,Instamart,Card,Kolkata
952,745,2024-08-02,Zepto,Cash,Bangalore
953,552,2024-10-02,Zepto,Wallet,Hyderabad
954,323,2025-01-17,Zepto,UPI,Kolkata
955,153,2025-01-11,Instamart,UPI,Kolkata
956,639,2024-10-06,Zepto,Wallet,Delhi
957,237,2025-02-13,Blinkit,Wallet,Mumbai
958,998,2024-11-04,Blinkit,Cash,Delhi
959,55,2025-04-04,Blinkit,Wallet,Mumbai
960,980,2024-04-22,Instamart,UPI,Delhi
961,436,2024-09-06,Blinkit,Wallet,Kolkata
962,684,2024-04-22,Instamart,Card,Bangalore
963,109,2024-05-19,Instamart,Card,Mumbai
964,866,2024-08-11,Blinkit,Cash,Hyderabad
965,981,2024-09-05,Zepto,UPI,Hyderabad
966,184,2024-01-15,Instamart,Card,Kolkata
967,951,2024-07-18,Blinkit,Wallet,Delhi
968,368,2024-06-21,Instamart,Card,Delhi
969,983,2024-12-08,Zepto,Card,Kolkata
970,198,2024-12-13,Zepto,Cash,Hyderabad
971,371,2025-02-12,Blinkit,Wallet,Hyderabad
972,373,2024-07-26,Instamart,Wallet,Delhi
973,973,2025-01-05,Instamart,Wallet,Mumbai
974,497,2024-03-25,Instamart,Cash,Bangalore
975,599,2025-03-06,Instamart,Wallet,Mumbai
976,201,2024-08-27,Blinkit,Wallet,Hyderabad
977,849,2025-04-15,Zepto,Card,Mumbai
978,509,2024-03-06,Blinkit,Card,Bangalore
979,322,2024-11-14,Instamart,Wallet,Mumbai
980,275,2024-09-30,Instamart,UPI,Mumbai
981,211,2024-01-14,Zepto,UPI,Mumbai
982,504,2025-04-09,Instamart,Wallet,Mumbai
983,903,2024-07-20,Blinkit,UPI,Kolkata
984,118,2024-10-30,Blinkit,Cash,Hyderabad
985,703,2024-10-15,Zepto,Card,Bangalore
986,554,2024-12-05,Blinkit,Cash,Hyderabad
987,42,2024-01-14,Blinkit,Card,Kolkata
988,315,2024-02-12,Blinkit,UPI,Kolkata
989,788,2024-11-25,Blinkit,UPI,Kolkata
990,329,2024-08-07,Instamart,Wallet,Kolkata
991,17,2024-03-10,Blinkit,UPI,Mumbai
992,283,2025-03-19,Zepto,UPI,Hyderabad
993,943,2024-08-24,Zepto,Wallet,Delhi
994,258,2024-04-03,Blinkit,Wallet,Bangalore
995,575,2024-01-26,Zepto,Card,Kolkata
996,574,2024-05-13,Blinkit,UPI,Hyderabad
997,612,2024-07-13,Zepto,Card,Kolkata
998,19,2024-06-16,Zepto,Card,Kolkata
999,529,2024-04-18,Blinkit,Cash,Kolkata
1000,837,2024-08-20,Blinkit,UPI,Kolkata
